-- phpMyAdmin SQL Dump
-- version 4.5.1
-- http://www.phpmyadmin.net
--
-- Host: 127.0.0.1
-- Generation Time: Nov 09, 2017 at 10:29 AM
-- Server version: 10.1.13-MariaDB
-- PHP Version: 5.6.21

SET SQL_MODE = "NO_AUTO_VALUE_ON_ZERO";
SET time_zone = "+00:00";


/*!40101 SET @OLD_CHARACTER_SET_CLIENT=@@CHARACTER_SET_CLIENT */;
/*!40101 SET @OLD_CHARACTER_SET_RESULTS=@@CHARACTER_SET_RESULTS */;
/*!40101 SET @OLD_COLLATION_CONNECTION=@@COLLATION_CONNECTION */;
/*!40101 SET NAMES utf8mb4 */;

--
-- Database: `dbweddingbells`
--

-- --------------------------------------------------------

--
-- Table structure for table `customer_location`
--

CREATE TABLE `customer_location` (
  `customerLocationID` int(11) NOT NULL,
  `customerID` int(11) NOT NULL,
  `locationID` int(11) NOT NULL,
  `dateAssigned` date NOT NULL
) ENGINE=InnoDB DEFAULT CHARSET=latin1;

--
-- Dumping data for table `customer_location`
--

INSERT INTO `customer_location` (`customerLocationID`, `customerID`, `locationID`, `dateAssigned`) VALUES
(1, 1, 1, '2017-11-09'),
(2, 2, 2, '2017-11-09');

-- --------------------------------------------------------

--
-- Table structure for table `package`
--

CREATE TABLE `package` (
  `packageName` varchar(100) NOT NULL,
  `packageID` int(11) NOT NULL,
  `price` int(11) NOT NULL
) ENGINE=InnoDB DEFAULT CHARSET=latin1;

--
-- Dumping data for table `package`
--

INSERT INTO `package` (`packageName`, `packageID`, `price`) VALUES
('Package 1', 1, 5000),
('Package 2', 2, 5000);

-- --------------------------------------------------------

--
-- Table structure for table `packagehistory`
--

CREATE TABLE `packagehistory` (
  `packageHistoryID` int(11) NOT NULL,
  `itemQuantity` int(11) NOT NULL,
  `inventoryID` int(11) NOT NULL,
  `packageID` int(11) NOT NULL
) ENGINE=InnoDB DEFAULT CHARSET=latin1;

--
-- Dumping data for table `packagehistory`
--

INSERT INTO `packagehistory` (`packageHistoryID`, `itemQuantity`, `inventoryID`, `packageID`) VALUES
(1, 5, 1, 1),
(2, 5, 2, 1),
(3, 5, 3, 2),
(4, 5, 4, 2);

-- --------------------------------------------------------

--
-- Table structure for table `tbladjustmentboy`
--

CREATE TABLE `tbladjustmentboy` (
  `id` int(11) NOT NULL,
  `rentID` int(11) NOT NULL,
  `name` varchar(50) NOT NULL,
  `chest` int(11) NOT NULL,
  `waist` int(11) NOT NULL,
  `seat` int(11) NOT NULL,
  `hip` int(11) NOT NULL,
  `shoulder` int(11) NOT NULL,
  `wrist` int(11) NOT NULL,
  `sleeves` int(11) NOT NULL,
  `backlength` int(11) NOT NULL,
  `inseam` int(11) NOT NULL,
  `outseam` int(11) NOT NULL,
  `hem` int(11) NOT NULL
) ENGINE=InnoDB DEFAULT CHARSET=latin1;

-- --------------------------------------------------------

--
-- Table structure for table `tbladjustmentgirl`
--

CREATE TABLE `tbladjustmentgirl` (
  `id` int(11) NOT NULL,
  `rentID` int(11) NOT NULL,
  `name` date NOT NULL,
  `chest` int(11) NOT NULL,
  `bust` int(11) NOT NULL,
  `hip` int(11) NOT NULL,
  `waist` int(11) NOT NULL,
  `wrist` int(11) NOT NULL,
  `shoulder` int(11) NOT NULL,
  `frontskirt` int(11) NOT NULL,
  `backskirt` int(11) NOT NULL
) ENGINE=InnoDB DEFAULT CHARSET=latin1;

-- --------------------------------------------------------

--
-- Table structure for table `tblcake`
--

CREATE TABLE `tblcake` (
  `cakeID` int(11) NOT NULL,
  `cakename` varchar(20) NOT NULL,
  `descrip` varchar(500) NOT NULL,
  `price` varchar(20) NOT NULL,
  `img` mediumblob NOT NULL
) ENGINE=InnoDB DEFAULT CHARSET=latin1;

--
-- Dumping data for table `tblcake`
--

INSERT INTO `tblcake` (`cakeID`, `cakename`, `descrip`, `price`, `img`) VALUES
(1, 'White Blue', '3 tier Cake', '10000', 0xffd8ffe000104a46494600010100000100010000ffdb00840009060713121215131212151615151516151615171515151515151518161716151515181d2820181a251b161521312125292b2e2e2e171f3338332d37282d2e2b010a0a0a0e0d0e1a10101a2d251f1f2d2d2d2d2b2d2d2d2d2d2d2d2d2b2d2d2d2d2d2d2d2d2d2d2d2b2d2d2d2d2d2d2d2b2d2d2d2d2d2d2d2d2d2d2b2d2d2d2d2dffc0001108011e00b003012200021101031101ffc4001c0000010501010100000000000000000000040102030506070008ffc4003c10000201020403070204060103050100000102000311041221310541510613226171819107a1143242b15262c1d1e1f0232472f115334382a217ffc400190100030101010000000000000000000000000102030405ffc4002511010100020202020201050000000000000001021103211231044122513213147181f1ffda000c03010002110311003f00bb027ad122c837ad3d962cf4010a08d34474924f5e0109a0234e18422f3d7800a70b18d84f28744805736047f0891fe0074225b45b4029ff000518d83235b8b79e91bda8ed1a60f22e4cf51ee42df280a37626c79d84a21c6ea711a55692a252b80078c9637eba68b15d49b392dea2e2881505e9b2b81a5d581d64752838e4655f6670430788c8f5e9956a7beaa4936b2953b5ac75f39b6340431d53ca59596ad7e86439e6b1b0f21a98253fa47c46967e8b6b0c061cdc3d7f8448aa61adca00395046b217c329b79ebbc6d562d7001d0da30611c5b53a7a40da68b1ddd99eeecc01b3d1d90c4ca60449e8ec867bbb3006458feecc72d1eba40228b1c13522e348bdd98b729eac32f1d9a2ad2bc269f0f63cc40b4e0dda2e2cd89a8d54deee741fc08b7ca83f7f532ef0983fc3e029e355cad776645b02e1909b6abcac066bf5b4d4f65fb0f4d7195bf1590d3576eee9b286570dadf5fca06c26d71b83c28a6054c8b86a4c58a8b2a13621574dec49d3a811659c8d30c2dbb72fe2e9516bad4c8ccb500cad6bdd8a8baffddcede737fc329b251a6aff009828bf91e9edb40f8261e9599e93bbd2772d4c3eca05d6ea3aee33731696716135d96796e96f1634459a20f09783e2d2c212a60bc40e900a6c26ede6c61cc3940b09a28f324fde1886e64fdabe97f69e8822ca492d3d68f022858046567b24942c5cb008724777725cb16d000aa50b1161bcf14b42aa6d24c3e1f3b01c86f22aa19430d602fcf53fefa42ed65bfbfb492a8d7d481edca263080bb123a0dc81c87da01cdb892d6c6710c8951a961f0e3357aa0e502dba863bf4f93ca0f5bb53471f8ea783b2fe0d5804b839aa3a03958b7f0b369e7ef69d271187a55283d27a6190dc14b153e2b9d41d3f51b9bef69c2fb5bc0470fc500ac5908ef135b328b900123982378b192fe4772b269db170ea0001400058002c001c809eee4748de1f519e95366fccd4d19bd4a827ef27b4d1087b91d278501d24d68a04018282f480714a4a118f412d2537686ada937c402bb0e82c82db293f247f693d3a722a5cbd2154c446b211c23445102384708d11c200e116208e8c3d12380be924fc33748821225ad1a4157495cf87a9c96fef1d8115eeeb51405b8c846b65b0b86d77bdfe4748ad38369d2bb2f9ebf6d245c4458da1a41bdd771ca2e25038d458fbe9fde014a145efcec05fc86c3ee6725fab54bfeb10f5a0b6f667bcec6f8561e739afd4ce0188ad88a552951671dd156b0d010cc75274d9a3d937d854b220e88a3e00925a03d9ba988ab441ad8734dd42adb32be7d35601761e465b3e11c2e6b6837ea3d44603da7a3a7a008d33dda46f0a8eac3fccd0bccd71e377a63cc9fb4023a50c4103a5bc32fa1f488d6f69eb459e8c891624f5e20745911a93c2a401988aa5587a4b1c2628995389dd7de1f845b4cefb545cd3a8bcc429021e52b69993a47b0b04a2b24fc2af5304a6d08568c6928c12753f307c62d2a6a59afa498bda57710c33565cab6bee6e6c22b7ae848f7e272a8ca45ea2820f2d75fdc81ed170ce49c9617235f3bf2f495f46f40776e0565526c4785d0937205f7594bf5138fd7c261c350a0e0b5af594174a4a79b37231e32e54eea452f12ede61e8d76a395db239477160065241206e751e5347c3b1d4eba67a4e1d76b8e47a11c8ce0388aaa5896b96249277b93a924f3379a9ec3769ff000af9185e9546058fea53f9730ea3ca7a5c9f1f1f1fc3dc73e39f6eb6f331c535ae3c90fdccd3bccce245ebb9e8147ee67056a4a0358457fc87d2478758456424682235b4f4f4f4088631a48644ce2011b4f28885e206881f517510ea101cd787d0917daa0d4845383d3845380114e4c0c812399e30754a9b01b9d0728cc26294781bf3e72a7f71f6129b896280ab4f31b286049e9aef0ce298661555d00373987991cafe63f693bfb8ad08ad5516e14127af231d48665bb0ba35c11b8b73060556e40d0a1b8f09bf3373ebd610f52cc1149d77b753fe98636ecec702edbf03184c6d5a28d7a770e9e4ae33053ff6dc8f6957c330eef51129a9662e02802f73edca6b7ea470aadffa955069d4715329a6429219328d142f43707fc89b3fa6dd91a98506b57015d972a26e514d89cde66c34e53d9fea4c38bcb7dd71eb7969a07c39b6b3335e97fc8fe6f6f813718a1ce63d5731bf5663f7227995bbd86a30e14ad198648b89ad6247944622d3c4430508eee04095cca64269996c69091f762015c2818f5c343c2c58002f87b0bc2684662310a7c237fb4970e2677daa0b4845390d3127a620128310cf44303663b564202c4d85b531bd93ed2e17154bb9fc481513c269b6b7b6ce971b6bc8ccdfd61e2455128a9b66376f41cbee3e271f6a46c186ba9f6e93a30f8fe58797ed173d5d3eaa4c1ad142ed56e9cae42a93cbc4753e91ad8b42b9959598682db663b4f966a063a366b8d4024917ebaf39d2fe9171b4667c35560ae4034989b2920f8949e4d6d47a11165c171c7704cf75d5d30d988cc2ec011e2d493a9f68461c65254df60d63cb969e571f78e4a06f9bbdbebb5f40074f391f13c5ad3ca588b91aed79963b5646714a9969b1e80cca6047857d2f0fe25c43bd52a2f622db75f3809421400a2db5efafda5da9128d682577b931e9488ddaf056688dae88639523c528c83b48c886f731869c005b477777de2621ac57d7fa42e9a0333c8e2bbf06337edeb08a74483630cfc3c96d65b5bd7fbc8fb520a6b084593045d073325ab48288f6035a35ad27ae800bde5262b8ed1a34dbbca888d726ccc14b2db400dee75b6dd213bba818bfaa1d9eab88cad442bb03729a8722c4594116279dafca725c060eb54634e8d3777049caaac58653639801a017dccfa1303c56956f153a8b5020cda78ac6fb1d743af3e861fd9fe1f4690ab89a2a10e26abd4a8401736660a3a81a16b7563d67571f35c278a32c76e09c4bb1bc4a8d2188a9857eec0b96051b28eac8ac580e77b5a19f4f381d6ad5d710884d2a66d51fc246622d96c48bdc1d8759f402e374372493b82397a73d2458514c0c8a8a8a5838ca0052c2c75b7a0f885f916cb3f6538f5fe8452a14e92ad800146a6d6df61fe253f10e0ace5aa0bb1bdc0dcdbdff00a5e5a5272549bdc826febcade56e725a750917d74d6e7723ce618e4d2c638ad86b20a809f4d2daff0058deda2a53a8b95b4cf7b72040371e7acaa7e2eca355397935ae3e6554addaa65537e92bb348a8714152e2e36895ab8100e8eb68a6a4a07e2fe7f03fbc1aa71076d94fb986e169a0ad8903988156c68f394f9aa1dc81e821187c383b9262f2a7a495ab16e5a427095c8895500436ff007590d299ef6ad2f28e26fbc2558194d48c291e3d859813ceb7de022a9eb21c6e30aa9d6034a0edaf6d69e0ef4b57aa56e00b655bfe52f7f9b0e5389f11c5d4a84b339666d4b1dcc2bb5d8967c5d52fb9aa6fe8345fb012a19ef7533bf875c78f5eeb3cbb58f03e3b5b075455a4c03588398665653bab0e62766ec5769a9e2a813972d54a99eaa026c5189f153fe517b11cbde7031b7a687fbcd9fd33ace98a4646ca007cc4ec14a9163a1e7691c92652dbecf1aec2d8a3e273c8adada8dc5ff7fb087256048236d0ff00bf32ba897a84970aea9ae8d717e57b0023df134b2b2778aacc2cab9866ca078b2fa289c5235b571470afb10a07cdc5ef6f3dcc78366362328d49f4dee6732ed17d43ad83aa94a8b254a6066604e77d58f8438fca32dadb9d7e6b29fd52af581a55510239b1640d9ec4eda937fde7463c3959b6772fa5971fc487c639439a986397a6bbdbdef16a396d3947ae1d41920004ca9abaaf0ca67716f31a183e2309506b4dc1d3f2b8b8f91a896f54de329a5cca84ba55e8248281319df81fe27bf187f48bfc9fda20b0c1f0dcdb9d21e70f4698d481ea65117aeda5ca8f5cbf61ac8cd03fa9fe05bee646585bf6a9948b5c6e369652aa7cb48251832e180d6df3a984d193e331f47bdfb174e10a60f4e4ea6324a0c0f8925d6140c171757975361ea7411554727fa8bc300c9542ea49576bf316c9a7cebe4262486d8ebe76bcfa1f8a70a0f44232a9d2ce728d46e6fd47acca27d3ec331b217df501adec2e0ceae3e6c663e3922e16f71c8c50e42759fa53c0477356b55ca14914d736c6dab11ee40f6319ff00f3ec3a1cdded53bf80aaee35ca587f69b7c2d25186a1dc805516cc806a08076ffed6f6939f24b350638a6c384a60f74fa73007f49cefeae51446a1556e1dd1c31d6c7295b11d0ea66e1e95ea16a4a572819ae2df9b423cff00ccaded37084c561aaa54b66a6acf4d89b598293bfdbde67c39eb28ace74e389481426f736b8d6df1689c3315ddd457ca2e841b1d4112003600edec7d0cd2f65bb2b5b14e1bb97ee541666b15570365463f9893d3a19ebe79493bff00ae4c71b1b7a2430079100fb1923288ca66da5bcadfd27aa19e4ba11d413d48da2133d1868530c8395fd758f6ac06d61e9a407fe53cc2fdcc4ffd3837e7773e40e5101a2e2388a2eec3f7326e14456bbd8e506c2fccff006839e19486c83dc93fd65ce0a90540000001c85a4da34662a941e90964c2f21a987d6e351cfc8ccaae1a9261234125511879ce904e1f533d6c845c32b01d4102e08e9b431c692a3119a9b664241ea3481aceb366a61eec6e35b0fcaf7cada790da45f8908102ae97cba8b14e9e21bac978563c35c80b76d5d5bf2971a175b6a2fcc759ee2952c84d4b2a8e77d3efb4766ef42556711c7f749deb2ffc6b515aa7554cc0136e76241f406154f1f86cd7c36229316dd43db43d2c7ed31ddbfe3b4461bbb4a8accec015043102e0ddba697fb4e55df11aa9b1074b6847bcdb0e2de3ba8cb2d57d1d92d7676007a9fb93bca1e3d84a95a93d356215c28badaecae331eba588f5d6721a9da7c4d434fbcaacca8410a6c14d8fea02d7f79db3b375d9e853565cabdda943d11806519f9d81b0045e2cb0b86ac3976c8f0cfa78a581a8ecca0f894002fbdae790b8b4ea7c2900a4814055519428d96dc80e96fda552af7774b9398d8f537e52eb0d84c858e624122c36b01fd617932cff00952d49e99ded6f0bb0efd05b938f5d9bfa1996cf3a6e36867a5510fea461f6d272d1024a1a799a34448c34eeb1a4c9aa462ac9a61f34b1c13dd440ea2c5c1d5b191b35a8124a66da0e7bfa1de369d888e224d823d530e34cbac6e49223dbde488c18f8ba7de2520c901e2496427ca5b90a4d81e57331bf53f1069e0df2b5b3d97ccdc8b8f8bcac7f2ba2bd20e0d8fa38943ddb8665f09b6e0dcdb7d81e47ca15da0c08c4e15a9eacc56da9bd8a95d57e0fcce4dd9ee295b0ae5a85af50052a4121ac6e2e06bd469d4cecfd9ce1cd4eab9aadded6744200191298f1160ab7d05f2cd72e3b8649996e387714e1156855cae855adb30dc4031096d86f3bdf6c3b2d4f16016660ca080ca069d46bb899de0df4df0c2a035ead475b13940080dba9d4dbd275ce7c32c7f2f6cee196fa732e05c1aa62ab252a62fa8cc79225f5663cbfaceff4b86b524a74683b8541ff00ca4b0d069a9b91c85a3b81615292114d02ad30a8a1401a8255989e66fccebf308abc43c36b73ff00759cbc9cb326931d02e1189aed8aeeeb618a535a6ccb583e657a8aca2db0cba1da69ef04c18b5d58f3d0f9f4f787d34b6f241958e5427c8fed3935e757c43de6638ef67c54bbd2167dcaec1bd3a37ef193220c58d208363a11b83b88ebc64d499251a76f791d1d75840333b551056582aef0eaa34807390a5861ab112c68d707794f4cc211a325c040678d18053ae447d7e21954b1d80bc60eac96d6f681bf0da154254ac8b51aed9038cc8b6dd8a9d0ed3927683ea0e26ad4ff008d8d3a7fa556d723ab1e67cb69beec671e18cc3d35240ab4aeae0ecea7f529f43b75066b9715c26ca652a5c5f67b0ddfa57a74903236e8b951ac35054680ebbd87297381c48189661ce9e5239817d74e641020f88ac28a137245c926d617b6c35e8267709da9c254fcd53bb61b926d73cf51224caaba8d4a16b38624dae2e36dcd88e46eb6b4130d88257c42e69a9bdbced71f3fbc8b0fc447761d599835f231b907cc7c1993ed2f6ace0c9a548ab3358d5370465dcadc6c4e9e968b0e3cb3cb50659491bcc2e2b22bbad3366201163e2ca34616e6465f884f74ac85bc40953a30b5bd27274faab55569da9a00a0861e2f1eba6c45b4b0f9977c1bea17e32ae4b0a4e7284517756d4022eda86e736cbe3e726ea2724b74e99c3d080b71a6a47a8d0431de05840e02e637bafc731ee614644331a32d24b469102673b51c233035907887e703f50fe2f51326274e3307c7703dd55200f0b7897d0f2f63185c5016124bc8689f08f411f799292082d6a76d64e0c523af3d22b04414e4ea6459083631e0c50d2668363ea5d081d247c478853a285ea3aa28dcb1b7fe4f94cf707ed351c4e2452a6d9c15663a30002f3d7d44b92fb2db9363689a751a9b7e646b69adff00c5ad0fe14d596ef4f3285b82c2e001fcc76f99d2b80f64f095d4e35c1a85aad4c966255bbb7c80e9b8bab7acd1627061b08e94fc02aa3d375b0b5d9742411b8bfaceafee35d59fe51fd3718e31c7ebd5011ebbb535be55274d40b9b73f79535330d88bc905324b5c6aa2c47a137fb89033aefcefb79749d596324e99eeba6f05ed161fb9386a5572f80046ac4e55350d8a6a79335f73b9e435e7fda2c21a358d1ef52ad8df3a1ba91b8d7d3d65786b3d8edb1f43237191c735048f63799e1c730ee7df5556f974f54516ebe63aff00685700e25f87c4d1ad943777515c0daf94ea0fb5e0e94cfe55171bdfa28d63703847ab51529a33b16f0aa8258dfa012ec97afa4cdbea9e19895af4e9d64be4750cb9b72185c1f4b5b686c1b84614d2a14699d0a52a6840d815500fed0c559e7de9b140f0c61108a834b484c50222250f6b70b7a41f9a37ff0096dfef69a032b7b40b7c3d4f200fc112894b846bd3536b6823cc0381e22e8539afed2c0accd4f299208c023d444132d2ce331de0757485e6b03694dc678ba5252d50855037240d75b0f7b49d538e67f54f89b3d54a16f0a80feacf703e00fbcc860f15528b8a949d91d6f6616d2fa7bc7712c7357ad52ab6ecf7037b0be8bec2c2457b6a090795a76e18f4cadedb1ec176ddb080d0ad76a0cc4e86cd48b1bb11e57b9f73361dabedfd3a34ff00e972d46606d76b85661ffb8c06ad6e40f59c7e8800f91dfdff00f1244417b13b9dcffbe92e714caec796a24c2b1fd275b5883cfd64554f502de5ce38d3604dae3d39c15aa1009dfd7d26f967d4c6a24fd2fbb15c0c63712293b9452aeecc05c80a2f6d7aed2ff8e7616ad9db0cb9915bf213e223f949dcedf3a4e99c07b23430c944505d6a2166763766252e013efa097b83a17a68321d85f958f3f7bde70de7ca65f8fa6d309a7ceb47b278da97cb84afa6f7429f77b033b27d2fec67e0a99ab50835aa81980b108a0e8a186e6f7bf2e5ca687883545a15ca9019293b2922e0155691fd3aa28bc3b0cc97b3d30ec58e626a39bd427d5f369ca5e7cd72c7d6a16a4ad0aac9d56dbc52b68c779819950c8d8c56318c6322132bf8fb5b0f53cc01f2443e52f6bab5a904e64dfe230c670fc414a97eb3594ecc011ce635c74973c27885bd398e864e8e2e8a46ed0902e2e39c69a727410169cdfeaee32d4e9d2b7e77ce4f927f5d44e8eeb31ff523862d5c23bb686883514fa6ebe8769587f29b0e309bf91923b0e5f32127a4d4760b85d3a9551b1081a917286f703330f0dedca755eb6cc57627b323154eb1ab9969a94cb5140be7171905c1be8751e620dda1ece3d124804a6e1ad6207f30eba4ecd85c1e4a1dc52caa693680596e8496523cfafa79c0b8852a6e080a0ad8837d4161bffbe66653e45c2fae9a4c258e14f534b1fb419d4dc123fc09b9edbf66a861568bd2273396ba9208b2db50371b8987662d72771a4eab9794994fb65ad74fa17e9571238ce1e976bb513dd9e6c3bb36a64dcf340b3734c103c561d4cf95383f15c4e0ea17a155a9b328bd8e8c396653a1f2b89d0be9f76cf1988c52d0c4543555c365b850432a96bf840be8a44c33e0ca6eaa65be97bf52f8dd574185c1d3aa7bc66151d50905469901b73bdefe53a0f67f0a28612851b5bbba28a41b1d428cd72343ade33058608bb6e00f8df4e508cd32b96e48ad272f1acd22cd10b4907131a67af24a74f99da306a8e6761321c72a1a950f41a4d2f13c4596c34ff7799a7a7adc47a266cc6d37286e3dc758e8844935e70ce25979dd7ee3d66829d5571753302b7537530ec271020e8729fb188dad75906230caea55802a45883a820f2220986e2c0e8e2c7ac3e9d556d8c030cff4ef0c0be5536a971bfe407f83a43f86f65a9d0a42925d80b9bb6e4937bcd6b2c8f2c7ba15d4b0cd660cde26005cf302f6f7b1b456a2028416d39edf12cd54748f65046c34da4d9b54ba61bb5fc1d6bffc694b3d620657bd8285b922fd359cab8970da9877cb569b213c8f3f307623d27d10f8405830d0837b8d0fb447e1b44b076a48cc0650cca09b74b9e53a3879ae13566e33ca4bdb80767b81d4c5d614a98d4ea58df2a81cd88d84eb1d87ec69c2377d5594d6bd94a6aa8b6b585c6e759aca18744d11156fbe550bfb49d65f2fc8b9cf1935133092ec5f7a4ee795ba45cd20532555339d69018e023d287593d828803529db5307c662797fbef1989c60e5f32b6b542fb7fa63d106c5d72c7ca4f87c3f39ea186b6f0da761a7da30e7316289e9264b4f325e384511046b5597cc42f0d8fb7323ee244044344446bbc3f1771d08f287d2e2a87f30b4c93211b193d1c5b0e7f300d7a62699e7274453b34cad2c69e601fb4329e307f091e8630d22e1fce3c614ca8c363c7f37da5a50e222dfaafedfde30997007ce4cbc3fac14f1b03f493ee045a9c59cecaa3e4ff68014692af9c63e242f41fbcaa7c439dd8fb683ed206ad6e5025b54c7f41ee74fb40eb636fb9bf972f8802d6264b4a8dcde511aecec411b4b1a346db08dc352cad693577b5801f98dbe6306546b9b28b93ca647b51dac1441a58760d56d67aa3509d5699e67f9a43db9ed1bd166c2d1ba9daa54fd4d7fd2bd17f79ce31f8aeed6f6b93fbc7e89ffd9);

-- --------------------------------------------------------

--
-- Table structure for table `tblcustomer`
--

CREATE TABLE `tblcustomer` (
  `custID` int(11) NOT NULL,
  `lastname` varchar(20) NOT NULL,
  `firstname` varchar(20) NOT NULL,
  `middlename` varchar(20) NOT NULL,
  `gender` varchar(20) NOT NULL,
  `contact` varchar(20) NOT NULL,
  `address` varchar(20) NOT NULL
) ENGINE=InnoDB DEFAULT CHARSET=latin1;

--
-- Dumping data for table `tblcustomer`
--

INSERT INTO `tblcustomer` (`custID`, `lastname`, `firstname`, `middlename`, `gender`, `contact`, `address`) VALUES
(1, 'Moo', 'Mari', 'M.', 'Female', '091234344333', 'Sta Maria'),
(2, 'Weee', 'Waa', 'W.', 'Female', '0192214434', 'Canelar');

-- --------------------------------------------------------

--
-- Table structure for table `tblinventory`
--

CREATE TABLE `tblinventory` (
  `itemcode` int(11) NOT NULL,
  `itemcode2` varchar(50) NOT NULL,
  `gender` varchar(20) NOT NULL,
  `type` varchar(20) NOT NULL,
  `category` varchar(20) NOT NULL,
  `color` varchar(20) NOT NULL,
  `quantity` varchar(20) NOT NULL,
  `price` varchar(20) NOT NULL,
  `img` mediumblob NOT NULL,
  `damagedItems` int(11) NOT NULL,
  `available` varchar(20) NOT NULL
) ENGINE=InnoDB DEFAULT CHARSET=latin1;

--
-- Dumping data for table `tblinventory`
--

INSERT INTO `tblinventory` (`itemcode`, `itemcode2`, `gender`, `type`, `category`, `color`, `quantity`, `price`, `img`, `damagedItems`, `available`) VALUES
(1, '2017-0000001', 'Male', 'adults', 'coat', 'black', '20', '100', 0xfe9b9b96273fb5e9a9fe8badda3a60, 0, '20'),
(2, '2017-0000002', 'Male', 'kids', 'coat', 'black', '20', '100', 0xffd8ffe000104a46494600010100000100010000ffdb0084000906071312121510121215151010151915101015101510150f151612161615151515181d2820181a251b151521312125292b2e2e2e171f3339332d37282d2e2b010a0a0a0d0d0d150d0d152b1915192b2b2d2b2b2b2d2b2b2b2b2b2b2b2b2b2d372d2d2b2b2b2d2d2e2d2b2d372d2b372d2d2b2b2d2d2b2b2b2b372b2b2b2b2b2bffc000110800fa00ca03012200021101031101ffc4001c0001000105010100000000000000000000000201030607080504ffc400491000020102030308050807040b000000000001020311042131051251060741718191b1c1225261a1f01323537292b2c2d1143242626382a2173454a315243343738393b3c3e1f1ffc400160101010100000000000000000000000000000102ffc40017110101010100000000000000000000000000011112ffda000c03010002110311003f00dce002a00000000000000000000000000000000000000000000000000000000000000000000000000000000000000000000000000000000000000000000000000000000000000000000000000000000000000000000000000185f2cf9c5c360a3285371af8a525174633f469be975269349af575cd69a8197633194e8c1d4ab5214e9ad6739a8457f349d8b186db187a8b7a9e228ce3c635a125de99cd7b676f62768d652af537a57b5387ead3a57e88c569d79be2d9f2d4d8553841ff0037e68b83a8a5b428ad6ad35ff363f99f062f95581a5fed31b868fb3f48a6df727739a63b0aa7a9159db55e45cff41d5fdcfb4ff218aea4c16329d682ab4aa46a539fead48494e32ea6b22f1cc5c91e55e2767cf7e8cef093f9da12ce9d5b65d92e1259f5ac8e80e4972a686d0a2aa5292552df3987734ea516a4d7a4b5b6594ad664c47ba00000000000000000000000000000000793ca4e51e1f034fe571153753ca9d35e954aafd5847a7af45d2d1e9622bc69c25526ed0a71729cb8462aedf72397b94db7eae33133c4d46ef26fe4a0ddfe469fecc22b4565adb577624191f2bb9cac562ef0a6de1f0eeebe4a9cbe726bf8b5567fcb1b74a6d982cea743cb82d12eae845591bfb3e3e3c4d2be8d9f2dda917fbcbdeec65b730c8bb766865f4e5749e59a4efd6ae4a2e49ab76af6b2ce36b6ec24f826fdc56a3f13cfdb556d4dabfeb597bc0f0168bde5dc362254e4a7094a1522ef1a91938ca3a68d66ba742ca647e4ed67c73d6ef276f27dc51b3b931cee62285a9e363fa452e8ad1dd8d68f846a7b9fb59b7b606dfc3e369fcae1aaaa91d24b49d37c27079c5f59ca91ab6cb54f55f1d3ed3efd85b6ab60eb46bd09b8ce36de49d9558a77709ad2517c3cc983abc163018b8d6a50ad077855846707fbb28a92f12f9100000000000000000000000018773b5b47e47665549fa55dc68aea9bbcff00a23339d266e6e7ef15f3585a3eb549d46beac1457df669891a82a425c7e3e3f225179146152325d915af4a3eccbb9fff000c613f765f1ee3dbe4fd5ca51e0ef6eb5ffa20f56ae9dabc4f136f54ce30ed7e0bccf66abcbbbc4c6b69d5dea8df42c976016231bbb71e9e1ed21565777e8e8ea592f713d237e392fc4fc176969b288ad49dcb70d4b9620e91e69718eaecac3df5a7bf4df542ac947fa774cbcd6fcc457be06ac3e8f10edfcd4a9bf1b9b20950000000000000000000000001a3b9f6c55f19469fd1d04fb675257f7451ac6a3c999bf3bd89dfda9597d1c69c176528b7ef93307a9a7c71342b1022029179db8e5dbd1f9769e86c7ab6a96e8926bcfc8f366ae5dc3d6b38cfa62d6f75acdf7acfbf81064d88a968c9f04fc0c5f36fdb2797b5b67b7b5ab5a9d93fd7b25d5a9e327657e99651f62d1cbcbb5f00215657765a4725ede2fb5b6cb6c9588cc08d22ea65aa3a76bf12e01b9f980c47a18ba5eaca94edf59548fe036d1a47982af6c4e269faf414bec554bff21bb89500000000000000000000000aa0398797f5f7f68e2e5fc79afb2f77f098e4d65f1c4f436ed6dfc4d79ebbf5aa4afc77aa49f99f1c1652faafdd9f91a16e2548c4a85085f75dfa1e52eae2bdabf3e24ee424c83eca9373518b7654d7a52d55b44d71bab5b8dcf9ea4aeef6b2d12e097c77b64aa47752870ce5d6d69d97b75dc83022ca48ab6464c08d1d3b5f897516a8e9dafc4bc80d85cc754b6d26bd6c3d45fd74e5f84dfc73bf33752db5292f5a1563fe549f91d102a0002000000000000000001631d5b729ce7ea4252ee8b7e45f3c6e59d5ddc062a5c30f57fedc901cb2df1d7a4ac5e6bdb977a6bcc488f4c7eb2354462caa2891522821aaeb5dd7cc58a2d57581e84e541d05e8cbf4adfbca7bcdc65177cb774e19accf819222c0a1091320c0a51d3b5f897516a8f9b2e2032ee6a6a5b6ae17db29aefa150e9439839bbadb9b4f0927f4f18fdbbc3f11d3e2a00020000000000000000018e738b537766e2df1a325f695bccc8cc2f9deafb9b32b719ba71efa91bfb931073a4d90a8f25d64a442ae8bacd0954d5f5bf12972b279bebf32972288259aeb5e208c809dca367d94f1ae34ea53dd8daa3bb6e29bcb4b3d55b5c8f8d81422c6f14de0294fccba8b54debd65c03d3e4d54ddc5e1a5eae268beead06758b392362cad88a2f856a6fbaa44eb790a8a0008000000000000000006bbe7c2b5b0318faf5a2bb949f91b10d59cfc54ff0057a11fe2dfba9cbf310691646ae8bac329574ed2a8ac57223259bf637e22ef8bef604c84995446405d6464c94d96ee0553eceb4edde8a3f8cd04ca360523ab2e1661ab2f01f460276a909709c5f74933af25a9c7d49d9a7c0ebf84ae93e2ae2a2a002000000000000000001a979fa97cdd05fbefeeb36d1a739fbadfdde1d1e9c9f66ea59f6b1069e624ae92e2d2ef025a15516eeefc595b9496afac202a848a94604e6fc17822db2e4969d51fba883028519528c08c3565d2d43565d01bd63afb05537a9c25eb422fbe299c8363ab79235b7f038595ef7c3d2cf8fcdc4547ae002000000000000000001a4f9f87f3943aa76d74f40dd8607ce2725a963674dcdcd4a9c5a8eeb8d96f34de4d3e082b9dc9c569d6bc4db987e6df0cb55527f5a6a3f7122c3e68dc9de388a89742708792571d0d48551b663ccbcbfc44bfe9c7f32f43994e38a7d94d0d1a8922e50a0e72518a6dbe0af974b36ebe6660bfdfd56bd9f26bf0995723f9094304dca30729c95a5526f7e4d70d2c97b121a39f71b87941ade8b8dd5b38b49b8e595f5cac7ccd1d37ca4e48d2c5c5c2714e2f3b66acf8c5acd3ea308adccbc1bf4311522b83519dbfa531a34cb286df7cc94bfc67f937fc447fb12927fdf135ff0006cfef1746a086acb86db9f33f4e09dead693e29c236ecdd679589e6bbd4c4497d7a4a5f75a26c1aee1a9d4dc85835b3f089eab0f4fa6ffb0ba4d27fd97e23f66bd36fa2f4e71efb5ec6fcd8d85f92a14a8fd153842fc776297901f68002000000000000000005aab878cb368ba00b30c2c5741754515002c2c000b0b0000580016160008ca099627838be83e9007cb1c145741f4c6362a0000000000000000000000000000000000000000000000000000000000000000000000000000000000000000000000000000000000000000000000fffd9, 0, '15'),
(3, '2017-0000003', 'Male', 'adults', 'polo', 'black', '20', '100', 0xffd8ffe000104a46494600010100000100010000ffdb00840009060712121215131212161515151515151815171715181717181515161716151717181d2820181a251d151521312125292b2e2e2e171f3338332d37282d2e2b010a0a0a0d0d0d150f0f15372015192b2b2b2b2d2b372d372b2b372d2b2b2d2d2b2b2b2d2b2d2b2b2b2b37302b372d2b2d2b372b2b2d2b2b2b2b2d2b2b2b2e372bffc000110800fe00c703012200021101031101ffc4001c0000010403010000000000000000000000020001030704050608ffc40049100001030202070405080607090000000001000203041112210507133141516106718191225292a1b114327282c1c2d1f023426283a2b2152493b3c3e1f108334353546373a3a4ffc400190101010003010000000000000000000000000103040502ffc400221101000301000102070000000000000000000102110321044112223132517191ffda000c03010002110311003f00b793a64e884924920492498a04501288a0452bae7fb655b1b63640f3e9543f0307d0064713d0065bbdc16f2791ac69739c1ad6825ce7101ad037924e402a3bb4fdaa6d46998646bc18217b618dc0fa2e0f05af9077b9fbf931abc748da4fe9ea93968693b53a164a390ba3becdc6e5b9f3f82e93b2fdbc2e236925ad6041200c80037780baee34c6886cf110470fcd953fa6fb20f6bce01c7f365a55bc5a32ff00d6f4d66276ab76b7b610b632e0f6939e408bdc6fe2aa8ed5f6d25a93b369b8c5bf3befe046ff00f45ab1d97aab6fcadcceee4b73d92eca62901767878f0f05efe4af9dd979cbcf8cc874daa2d1862a96cb21f4e48de05fbaf6efb027c0ab8eea9ced9d77c85b4f2b0671cf138006d70c7622dbf50d20f7956a68ad2b054b36904ac91b95f0b812dbf07019b4f42b3f0b4da9b2c1deb116c8fc33d24c13accc02053a008910e92492049249206493a48092493a2924924819315acd3bda3a4a317a99d91dc121a4ddee03d5636ee7780556f6b75c65d78f473708e33cadbbbf7719c877baff00478a0b674ae918a9a274d3c8238d82e5cef80033713c00b93c1559a6b5d4d04b69294bb78124cec22fc0ecd9991c6c5c0aaab496929ea1d8e795f2bb7e291c5c73e57c9a3a0b00b158de68365a77b47575ae26a277bc5ef82f68dbd1b18f445bbafd56011709f0a03de82e4d5bf6d193b1b4b50eb4ed185ae3ba603758ff00ccb6f1c778e2076159a29af37b02bcd25c467b8efbf76e563763759cf8c08ab7148c1936619c8de41e3fe20ebf3be92d4ebc3dead9e7dbda560d668a716e0b0c27cfc56468cd1ad89a78713c90cbda8a3d96d4d54383d6c62fdd847a58b23e8daf96e55476f3584ea969a7a6c4c83739c727cdde3f519d379e36dcb0538dad39eccd6ed1586bb595da36d5d46188de28ae1ae1b9ee3f39e398c8007bcf15cdd1564913b69148f8de05b131ee63b86589a41e0b12ca46ae856b158888695ad369d9771a275ada4a1203a56ced16f46560c56e58d9675fa9bab2743eb7747cad6edf694ef3bdae63a4683d1f18248ef685e7e72706fc17a797adf46e9186a198e09592b3d6638380e86db8f42b2c2f235154c90bb1c32be27eec71b9cc779b482acdeca6b8a58ed1d7c7b66eedbc600907d2664d7f78b1ef4176a75acd09da0a5ac697534ec96c0121a7d26df76261b39be216cd10924924093274c8093a64e8a4ab3d696b1a4a193e4b4ad6ed8b039f2bace11875f0b5acdc5f617bbb2008c8df2b0f4956b2086499ff0032263e477731a5c7e0bca3a4b493ea2692794ddf23dcf7742e3b8741900390038208f4856495123a599ee7c8f37739c6ee3dfc870006406414632dc9a41c478a30d40d8014db0e48829020c73110985f8aca29ac8314bbae69092d96f3f0ef534b0df71b777251b630df1e28376fd2f4dfd1ff00276d18f956db19abb824b2e48683bc706e1dd95f795ceb9b7b91bf88fcf0594e674fb3dc8248f3bf1cf341035aa40d44189ec806c9c0492408a621127b20ceecce969292aa2a88ef78dc0900db1b7f5e33d1c2e17aa686ad9346c9633899231af69e6d70047c57925b92bf7525a4ccba3cc44e74f2b9839e0781237dee78faa82c04924910c9274903a74c9d15c36b9f486cb45c8d06c667c708ee2ec6e1ecc6e1e2bce8de5cd5d3fed0555fa3a48bd67cd27b0d6307f7a55284fb904cc3958f7228f2c931f88de8c6eba022d4ed48270886b27ba74ac8190b829103915b58bb3552fa592b5b1834f13f039f76dee4b45c36f72d05edb9ebd0db50466b3a2d2733627c0d99ed8642d7be2b90c739b6b388e2726fb2390584500108485226b208c84d646426b206b27b2242e281355a1a85aec355510f09206bc77c4f03e129f25568392ee7533361d2908f5e39d9ff00a9cffb888f432492481264f649012489245521fed0537f58a467286477b7201fe1aa9dfbc8564ebea4c5a458df569621e72ce7ed0ab673b73bc08f8a060fc874365342f58e40e7e89f720c44141b24e163c32298220d3a649039408d0940f7ebe17b2177e09cdb8d90b884524d64e13a01210d919428054523ed752b96138dc927773412b1d90eabb4d531b696a4ef9879d34cb8d84713fe8bb4d50c78b4b5374db3bff9e5fc507a3d2493a21924e9202493264579d35d53e2d2d28f522819fc01df7d70bb8f42ba9d674d8f4ad61e5286fb11b19f7573205db6e21046e65b7788e054520b5b970fc1641cc5c6fe23b90b88734fe73411c4e596c72c069591139065dd182a10515d04974d751948041d376569b47be3a935b33e37b62069c301f4a4f4af7b0389d70c01a6c3d22785c7384266bbf3c7f04e5024c9894ae8844a02515d049922a2a87d828182f6e49a63728d8504e7801e2badd574b834ad21e723dbedc3233ef05c8c416efb2153b3aea47f2a982fdc64683ee283d4d74f7425208824924903a413151544b81ae7faad73bd904fd88af29f68ea769575326fc7513bbc1d2b88f8ad7036774299aeb804f1cd11170811c9dd0fc504a38a370c4debf6a54d13a57318d1773dcd601fb4e21a3e28316e9daf595a6680d3cf340e373148f8ef6b5f038b715badafe2b11ad25064b1f752b485878ac9090a0d80213972c01295911c9741358fe6dcd038a9e9a9249038c7139e1adc4e2d639d85beb3b08385bd4ac778bfe4a06c69c149ac4e459003ca8e6b9dde69e4ba2864e050623e3b591353ceec4528c668321b9052c529610f1bda43877b4dc7c1403346ecc778b20f5e5ef9a4b0b44546d20864f5e189fed31aefb566044184c90490115abed3cd828ea9e7f569e73e51396d0ae6f58f2e1d17587fec3c7b566fde4579800b008c04233c93b49033171ef40f6b1e8566f67a511d6d33dd935b5303c9e003656927caeb0b7ee3f9f15b6ec8e86357571417cb107bcfab1b0e271ef3b875704195ad4a72dd2b522df38c6ff6a2613efbae62c770debb8d71b6da4717af046ef22f6fdd5c1e68246d39e28c45d10b2770deb259382822d826d9ac92988506f3b2ddada9a06ccda72c1b76358fc4cc6461c41ae6d8e446376f0467b968f21bb926691ccf703d792099c7867e5f62a09f280a1daa764678a91d184076ba85ccb152332445b744614e2c5132d6c8a7738dcd803de8703ae8a36b8fe429daa16df9dcf21bbc51ecbd627c2e83d29ab6abdae8ca53bcb63d97f62e7463dcc0ba70b83d4bbdc74634169004d30613facdc4093ed178faabbb0889026482480cad5f697467caa967a7bd8cb13d809dc1c47a24f4bd96d0ae4f58ddaa768ea512c71892492411303be60716b9d89d6cc801a72cafcd15e6ba981cd716b816b9a4b5cde2d734d88f020849ae2ddfbb9fe2a5a89247bdcf9082f7b9cf765bdce25ce396ecc950b9e798f10500ca4df70ef0b71d8dd3a68eae39ce20df9928b646375b11ef1938732d0b4e5ce1cbc9cb69d95d186b2aa3a7bd83892f398b31a313ed7e240b0ea5074faea6835303871837f3024711f15c0c6fb64558dae78c0969ad97e8e46f700e65be2ab708323082a3744863710a60e500b1c429b1dd0634d6e6a8941ea47b56e3965b935c5d743d8decf4159b7db56474bb18b68d2f0d38cdddeb11e88b0bdb3f482e76e4e7d1019286e9ae9ac81db74650dd3385c20dec7d9f8dfa3cd534b848c2ec4dde1ed12611f44816cc72ddc5734301e247795da52c45fa2640d796ecdee710373802d761774f481f05c7b8bad9807c7f10819ac1ccf839204733e7741b31eafc3f152b47423cff0014173ea2f4c07433533a5bbdaedab232d376b0e10f762b5882e232de0dcf156985496a2a6b564eccbd2a7be7bfd0919bba7a46fdc15da11061249a92032b47db2a48e5a2a96cb1891a2195e1a7d6631ce6b9a7f55c08c8ade15ce6b0620fd1b580eef934aec8db3634bc7bda3bd15e6468b8dd9a47bbe093478f8a770fcdc2084f36e5d2c574fab52efe91a7b0cff4b7b7abb192f7e9bbdcb9a21589a97a66edaa5f6f49b146d1dcf7b8bbfbb6a0835cd27f58a76f289e7da7dbeeaaf241c576bada983abedea431b4f792f7fc1e171ad76562822cd480a7285406d28cb900c906f28325b98ff31f0210c83aa76b72e1e20f32960bef5400ef46d296cc244f00815ee8dad4c2346324476fd848f6b4d531581bb9c2c6f6f4e30d17f16ae05b622f72721debb3d59d45a6959eb303fc637dbfc43e4b98d354bb3a8999eacb2003a6225beeb22b101eff00823050b7b91141dcea626c3a4da3d786667b9aff00b855fa179cf55aeb695a5fa528f3a7942f4604418493353a022b9cd6113fd19596ff00a793f973f75d746572bacda8c1a2eb0f38833fb47b23fbe8af3604ee40074459a002d56c6a5e96d0d4cb7f9d2323b72d930bafe3b6f72aa095766a969f0e8e073fd24d2bbc8b63cbd8282aeedf498f48551e5261f618c67dd5ce15b6d3d36d2aea1feb4f311ddb475bdcb537b140d84a2014b7085ce50038f046d40111cd066d352492071646f786371bcb1af76168dee796dc34752a0c5cbf15bdecc76b2a68193369cb00a86358fc4dc4461c4039a770231bb7dc67b973fb88f254317946c7a673526c650482444108164cd77241d0761a6c35917ed6d1be6c711ef0116b020c15af23f5d91c9eec07f916af444fb39627ded864638f7070bfbaebacd6a5258c137d388f87a6dfbe9ee38408c2069bf246111d36ad8db4a51f591c3ce2907dabd1e1798bb2351b3aea476fb54c390eb2347dabd3a80da9266a7406572facaa432e8cab60de22da7842f6ca7c6cc2ba82b8cd6d5798745d4106c64c108fde3c078f631a2bce64f3440a8583ad949640e55f1ab968668ba63cdb23cf8cd23950ed57de8dfd06868ceec141b4f1d8193e250505b4c4e2e3bdc4b8fd63741332e9f0e11e4a374e816e404a1b92898dba07054ad6d93b5b648950480eeceddd7bf96e50c873520bf0f70cfcd4532a325a88958f1489dcfba04e75d4a058208daa5281dcdb823a59597dba80cda39928cf018a636e4e69693dc3680f702ab6573f6718c9a8e16b85daf818c70e60b035c3e288a4430ef0880488b12dbdec48bf3b1b5fdc99b92a361a05f6aaa63caa203e52b17a9cef5e5fecb44d7d6d2b5c6cd3530027f7adcbecf15e9f501b524c13a032ab2d7cc96a185beb54b49fab14a7ed0acd2b85d71e8c3368d7bda2eea77b26b7ec8bb1fe4d7977d54579e9180a223d53e08dae3d101b5a4901a2ee240038927203c4af40f6a22d968c9a3bfcca4315ff0077b3fb550fa0710aba72378a88081cced1b65766b62ab67a3a6b7fc42c8c7d67827dc0a0a0e425c724db1fcf04c18a4692804448804f742e72813ca8af74c492a46b50745a1ea68051d532a217bea9e19f26783e8b3993e90b1be66e0dc58735cfc9f05230e43f0ebcd3482ea806007a046d6a8e01bc29d010480424226a20d5b3ab898ba8a3fd9748df291c47b885532b27557540c32457f499262b7ecbdad00f9b5c93f415f768b47ec6aa78c8b6195f6fa2e25cc3ecb9a560b073f35636b63431063ab68c8da19075189d1bbadc6207e8b55776419ba1242da9808de2785c3a912b485ea82bcb7d9e683574d7c87ca60b9e436ccbaf51a026a493524123963d540d918e8de3131ed731c39b5c0870f225643944515e4fd334269a796039ba291f15f9e0716e2f1b5fc56335ab69db071757d638e7fd6aa2c7a099e02d5b47441d3eada836da4a9c5ae237199dd044d25a4fd7c0bb6d78cc453d3b71583a5712df58b5991bf2188e5fb4392e2b565316e94a60d75b1191aee45a6279c27c436dd6cbbbd765335d471c87e732601bd448d7621fc2d3f55052e0a30a3ba205409ce5196dd1e04e819adb2574894c0209c1b6f36dfbac9ee859bb7f1fda1ee09119dc2a227dda6fc148d9094688350304413d920887bab83b0fa3c434b10c3673c6d1d9664bf317ee6968f054e48ee5bd5b3ab389cda2662dc6490b73bfa371e59e2f8f149187ae596d4d4ede7339decc640fe6558b0e43f3cff1569eb8c33e4905cfa7b7f44731b3763fb8aae032090316424139e62ff05eb981f89ad773683e62ebc8930dfe2bd6da3bfdd47ff8d9fca115941248248894a8ef9a90a01bc22bc7b2ca5ce738ef71713dee24fdab2223f1fb0fe253695a7d94f347ea4b233d9791f6278fec41bdd5f963749d2ba478600f399dd8b010c6fd675878aee75e92911533383a491c475631a1bfceef3551cc380dfc39f4b2b3b5bd59b4a3d1ee73487c8d3258ef178a22f07c5edf24156877352b5bc9420a368e5977209ac910a3da9e40fb910987104207c2986f4b6ade7ee49b627e70f3412007bbbaf6e1c92f1ba1c04936b38778f24585d7cede6103b5102a3da01bc80a37550e02fee419281cfb6e58db479e811b19cd10415cfabb943a821b7ea99187bc48e3f0703e2a9956a6a85e0d3ccce2260eb74746d00ff01f2491dbcfa261ab182789b232339070fd62dcc8e5607e2b5d3eaf346917f939f096703c83d6fb45e5103eb12ef324acc7588c973ba75b4cce4ba14a562b1b0e099d8ad1f14f138538203c5daf73ded2090336bdc41e2ad1b2e3b4c7cd0e1c0ff98f82ec5a6e2e38e6b3fa5bcda276587d4d6226320e124824b69aa98a8ca90a8ca2aafed3f612865ac91f81cd2ec2f786bdc039f239ee73ac6f6bdc642c165d06aef470b1d8177d292523cb158adb69175eb1fdcd1fc2d5b4a7dcb9bd3a5fe39889f0e8539d3e08f1e58f45a169a9ff00dc53c519e6d6341f170173e6ab1d75b6cda7077b5f316fd1903091e0e6fbc2b6b48c98402b89d6a68813d03a4bd9d09da8eb604381f027c405eb95e63a46a74a6f3950c8ac85382ba0d03e69b114e84b9031714d74f8935d0327b24120103b6dc51b5c3804cd8d481881da0f40a40cf142d52595432b1353937e96a19eb471bbd87381fef02aed74fab8af30d7c795c48d9233dc5b8c7f146d5245d7054e1a765c6e60dc10f67a77ba20641675c870eb751427f4315ce43677ebe936eb3282a03e4970dc0f46f7037db33f0f25cb8aec4d9d4dcf9718fa4a1be5ccfe7dd75d0e8c24c315f7ecd97f642e6eae52e99ad1c071e6e361f02baa8630d6b5a3734068f01659fd2c64d983d57db548124824b75a4fffd9, 0, '20'),
(4, '2017-0000004', 'Male', 'adults', 'coat', 'gray', '20', '100', 0xffd8ffe000104a46494600010100000100010000ffdb008400090607131312151313121616151715181a18171818171716181518171b19161718181b1d2820181a251b181721312125292b2e2e2e171f3338332d37282d2e2b010a0a0a0e0d0e1a1010162d1d1d1d2d2d2d2d2d2b2b2d2d2d2d2d2d2d2d2d2d2d2d2d2b2d2d2d2d2b2b2d2d2d2d2d2d2d2d2d2d2d2d2d2b2d2d2d2d2d2d2b2d2dffc0001108010800bf03012200021101031101ffc4001c0001000203010101000000000000000000000506020304070108ffc400431000010203040705040803080300000000010002031121041231410506516171819122a1b1c1f0071332d12324425272b2e1f16392a234435362738293c214d2d3ffc400190101010101010100000000000000000000000102030405ffc40023110101000202010402030000000000000000010211033112213241510461224281ffda000c03010002110311003f00f6a444404444044440444404444143d67b3165a1cec9f51d1446af0698a5ee7b412e749b317e4d936777194cf78daae3ae3662e857862dafaee5e79a3a2b44473aebafcaede10cd0cf2fbc2988a2f1f263acebe8f065e7848bbd99ed74c821c3220cc632f15d6e21a14559ed54f822026bf0e3cc79aebf7930b1bd2e53d7d5f7dd82e6994c8991c652f352ba16cd225e46d90c8138cbd66b4e87b30799b84eecfbe5f253804977e3e3fecf372f2fa5c63ea222f43cc2222022220222202222022220222202222022220e2d321bee5e5c2603493c33ee5e7166735cfba1dd8907348342d3598e2acda634dfbe3121403310c89c8d22de6b839b3d826083996ecaaa0e8dd131d8e706cdb53d970c26666870dbb2b35e6e7ba7aff1a77eababed01ad001cb6cfbd6ab2c7bd8950f06ccf007bc791948524a560304e4179bca6de9b16cd023b04ef90e007eaa4d71688908600cb1e6bb57d0c3db1f373bfca8888b4c8888808888088880888808888088b55a2d0c60bcf7068da480106d455cb7eb7c26d218310edf85bd4d4aace90d35688c4873cb5bf75b41f33cd6a63536bd5b74cc085f14413fbaded3ba0c39aa66b36b6ba231d0a130b1a641ce27b441fb3218653a9a1519765862a33b57cb0b4d4937fb37659039ce54c16bc53690d55b4dc790ec1c47e9e2aece82d329e380398ddbc2a2b214b0d9d55d34346f7d0da7314772cfa77a99e12cf56b1cacbe8d769b248c88fd57cf7400320a7a1b64715c1a5a14a676af167c3e3371ebc39bcaeaa1740e902db6ba1de9de82c716fe17bc38f4737a05770579e686b1b9b6c8d6a70930c36b58732d6925e40d84dd036cb82918da5e2c18ae0d74db3bc1aeab4b5c2f4866089ca8bb704be2e5f91af25cd143e8dd6185128e3eedfb09a7277cd4c2e8e222220222202222022220222202f2ed66d2262da0ba6640dd6e32001eedabd134cc52d8110832374807304d27debca1cf05d2919777a9ad6295d50a5c2656e077ad101d596d1debedfc16d96e3ccad2c8643ccfe171983849d2a8e1498e6362d80a4764d85b86fd841a11bc1af2551945c14bea8daae3cb0fdb1fd42a3ba7dca1e1452e6d6531470de366e388dc425962163c3862083cc1984beb08f470b1b4420f01a67882786ce6b1b3c50e6870c0804702b74215e23c0feab8d8eb2e9a9d01b334c4488ca982a7e9f65c8f7254b8d2d3b44dd31ca838495d9eaa7ae64089037888dfcaef22b58f697a41b472523a3b4c4583f0ba6dfba6647e9c9478aaca5ebf65b617ad13a7a1c690f81ff00749c4ff94e6a597970748820c882d3fd42457a7417de6876d00f558b34d4acd1116544444044440444415cd79b55cb3dd18bdddc31f10bcf5aca71f1563d7eb5df8a19943901bdc45e71e40b47355f84d32ddc96e74cd670e6392ce2120ca5fb497c0df542b1b58ab4ce986597eeb48db5fdd6cae6b441345b61bb82a3e44ec9bd94807709f65dc89e849c9645b259091e7cd620fd93961bc7cc61fba22dbaad6bbcc2c38b70e0ef919f50a7e1e2a87a16d7eea2871f84d1dc0fa0792be3315cf29eadcbe8ca22ab6bcc21eea144cd919bfd60b0fe65698828abbaead9d9c0fe2c3fe97871ee0549daaae4556c92384d7d60f525d2b0c1d90da47cfc97a2e883f42ce1e04c9500c3379830c4cf84857aabd6817ce08dc48e4b1935122888b2a222202222022220f35d75706da5c05733ba60197ad81444214a1f05dbacc2f5a1eefbce7749c8774973090e9eb05d23359906753c970e9989286c33c6206f5693e4baeae385544ebb8736ccdbb888b0a5c6f4bc0abb4892b3894b35bef557259a250532f5c5753a78eec122b74374f3f1593db3956a30f5b16980ef25bd54af8d34f54dc77abee898f7e143767200f1143e0bcfa23aeb83becb8807738d1a79d071bbb4ab5eaada68f867f10f07797559cba5c5658982ab6b7c599850f7979e97478bba2b4b8aa2e9e8d7ed0fad1a03472c7bc959c7b6af4e27ace1b4e32c96042ce1614cccbcd6eb11f2219bf700075139f78e8ae5aad1270dc363bc40f92a5453db3b881d1a01f356ed517765e381f159c9a8b0a222c28888808888088b188fba0938004f4aa0f30d3a67688b2f85aebbd3f551d7a66857cb4c725c49f89ce27a999f12ba6041909e6ba466b659d9219cd44eb891ff008e0ff1618e61d3f22a5cbef1902556fda0be5060b41fefc13c1b0dfe642a91d3617cdbbd49c389312dc7d62a1742c49c3689d77a95b293b38d079a2b3846b97ae6bac12b998175430aa3ec4861cd2d754104115a8d8be6ade9030e308710f6e1fda34f7905dd90fdee183b789c802165396c5c9a52c45e1ae864362b0cd876ce8e63b6b5c28470392523d4ed0f0d6b9c7204f4135e74c99ed1c4f68f1c54e9d36235821b851f105c734e21cca4407a7785065d92ce316b1966b6b1bf04f793b96b92d3a5e2dd82e3996860ff0071af3bb35691aeccfbc2f7de24f53c55c3529e3b6370f154dd1c3b329e0acba9d165188fbcd23a57c94cba22ea888b9b4222202222028fd608976cd18ff0dc3a8979a9050dae11256489beeb7ab820f37b2b2a49f416e8b1b092d2f8a00901597ac9676581333217562baaca293558d78379f6766f79eb740f356b9fa92a9eb709c764becb1a79de77e88b1a2c0e30c969c29d14fc075467bd46d8997e731995230448068a77f8945748f5cd6e86ec173c2c56e5596f2be80be074b72447527b013d111c7618a0be2969ec08865b2fc9ad88eead68ff00695dada6d55dd5dd1d19911d15efecbd8c2d139ccb8079377233bdc4b8956227148b5f457655476b2c5ecb1b2ccb8f2a7fd8a92863761eb3503ac6ff00a5689ff773e578acfcaa46c23b2a7357625d8f0ff14bad141e8ff871192efb23eebdaed8e07a156f447a622145c9a111101111015735edd2b3377c56f735c7c958d563da0b67666ffaa3f23d59d8f3e84c2e74f7e15c32f9a976090c146588e24e3bd76b2aba315b409ef553d2e6f5ae24e72686018fdd693dee2aded0320a9b6d6fd662fe3ddb07ca48477c06dd071fdd77c33864b8eccdecaeb868add3c2816d86d9d69eb82c20fafdd7437d54aa8c9ce905a2d8fbb0a23b631c7a34ade47a0a3b58225db25a1db20bff002155121656c98c1b18d1964d0b2962b3380a7d91e017c90598afb0d56f4cb3e9df3fba1a384a7c712559594cd57b4cb0fbf71da07801b5454868d74da380f582edcf92e0d1df08a64a419bf15aa8f4e86e9807680564b97463a70619ff00237c1752e2d88888088880abbaf63eab3d911be0e1e6ac4a035e47d4dff899f980f3560f3a80577c0e2a3ecc675a2ec61033f15d19aec86362a6fc5698b391edbeb8e0f2ae50551ec8c718f17b23e27e79171f977a1132ca53a7ae8b741c784f15a197b7627027e6bae04e66959ef447442046f5b1a76e3c16a6de0725935e6bebcd5464f892a28cd6e74ac568aff76eef0a4218a8515aee65628dbda420b164380d9b160e3eaaa33463ed1efed0d8a0985d8308d0095dc1a463be798dea528a4e9aac9ae070c7d74501a781119a47ddf9fe8a7044dc7c5416b0bfe9186594aa259f85541d7a29c08db81ee522dc412a23433a9c8297615af84f97a26863f410ff0000eea2ed51fa01d3b3c3e07c4a905c5b1111011110142eb90fa9c5dc1a7a3daa6945eb4367648e3f864f4af920f2fb399525ce8baace267e4b883b01fbe0bb60192eb19aef6b7766a97a24131229ff003bb2c812ae6d35548d130bb44cdd52768aceb86f3de844eb5bdcba211aae7f779927a95b9ac32a4d546e712b063ea4635f259b61d0933484d973de836c314501af35b2441b558eeec55dd79fecce14aaa9165b319c369dac69ee9ad515f204ee27b93463a70211db099f902fb1993044a841079ac46abeb0f64701e0a3358db4847093a586d13ffa95dd0584002f4e40099027412aef5c5ac4f2215e2010d703b25d970067cc75457368589f0d54cb5573579d36c335ab41eb8ab1812f415657fd593f57673f1528a23554fd5dbc5de2a5d73ad8888a0222202e3d310ef408cddb09e3fa4aec5f1cd9891ce883c6594a4f82ecb33b7ae6890ae92336920e12a192df67236f795d63352509f5fd153f464c103757afe8adccdcab70a0dc88edce70dd20e2891dac3b574cb36ef5a582616e83c31547d965872deba1a1698cd5b02236576782adebbc8c035af256150dadd0e701dc0aa24f57225eb259ced830ff00205d32aa8bd498b7ac504ec0e6ff002bc8f00a5620f5faac46d816faaf828cd6d1f538c4621a1dfcae04a939579ae7d28d0e8511a7030df3e174a5441e821758cdd77d62ac97bd62ab7a27e16e380f0e4acad3ea4aa2f7aae7eaede27ace4a59436a99fab8fc4e532b9d6c444501111011110795e998576d11d9297d23f76355c9047a9291d65fedb1a9f687e50b89d39ae919aea80f50f6ba45789660f5133df353100d145695128c0ed60ea09548df676f67cb92da392c2cf87eeb6dd90dfcd542f83b16cbcb110c66b397ae8aa32277851fa6e1de84e18d3c94881251da7ad620d9e2c43f65848073760d1cdc40e68233d99da83acd119fe1c7781c086b877972b3b8faaaf3af64b699448f089f898d789ed692d71e3db6f45e8a684d5736dad86a573db4ce1c4ff4df3e174ae92dc560f837c167de05bfcc25e6aa2ada1cce1020cef544b21bd5a42ae6af59ddee5926ba45adc01961b40561bc0530e343de9e53ed7c6fd2f9aa63eae3f11f2532a2755db2b3b77971ef97929658aa2222808888088882bba5b54d919ef8822bd8f7104190734194be138f554af71763398e37835ee032f849068382f575e77ac10ee5adfb0973b99a91e7cd73e5b75dbd1f8fab96ac75d921b44e406592e2d65b207c3f78076d95df77ed7cf92ecb0ba4d5c5a3348b6d2c7c8822f3db306624d73993fe95c71babb7a72c25dc42c12287d60ba9846d54787ad712192c759db79ae2d74a211da6f64fd83982b78d74765666ff00ca7ff9afa530c9f2eae8fc02c870c9521fae713fc067f393ff0050b41d798c30830b9979f30af8653e11e80382a0fb43d2c1e5b6761a30ce24b0be28d672a93bc8cc288d29aeb6b89d80e6c319fbb0438eebc49239494287e58a633ed74edd51d21ee2d909eef8492c7fe17f666770374f25ecaf276786c5e18fb202acd62d6bb5b18d877d8eba241cf692f90c0137a465b489a978f25dbd3183d60b9ed519d0c5e6d1d79a01d84b800794fb979e44d65b59fefc8dcd6c303f2cd766abdbed11ed4d6be2c473409913376408fb228563930b8e36d6f8e796523d42cb09ac6340a00001e4b65a194339497dd25a3d86cae8ee88e61867b02726b889508cce3f22b54075e6349ce457cfb1f46597af85d347599b0e1318d120061c6a7bc95d2b5d99d3634ed683dcb62f5be751111104444044440557d71d1c5d7628c848ee339b4f88e8ad0b4daece2231cc760e12e1b0a994dcd37865e396d45b03c16384fb55e46a0f7aa27b268cefa5b293f490dc69ba7227f9af772bada1860c62e2253375e320f14078384a5c37af37f689a3a259ed7ff990896362ca4e638b5cd881b270241045e027beab8e137fc6bd9c96cd6710ba55c4da239763efa2cffe472d216884e9d4aded5f630e9f36ddd1eb96215d2f5c914a648e07fc4576d9dab45a60163cb4e20adf00ae18f6d5e9d6d5985ada56c0bd31908564f67b6d810a3c43189bc580439349a89975461962ab854a6a75a61c3b7407c5697b03ccda05e2e258e0d12cfb45b8d36d171e7c65c2edd38b2b32962f76b16ab6c480f8ac306c70dce3018641f11f220c57038d09a8a02e129e2ae7a1ec41ef025d91e03e6643aae086d8b688b7de27108a34198634fd91b00cce78ab7e8eb1084d9624e27c00dcbe6633cafe9ede5cfc31d7cd75a222ecf10888808888088880888822b4fe8f6c486e71026d69c450b45482bcb35aed10e1407c3b44df06334fba70ed16c402f35a4e75136bf75769f6688c98236823a892fcbfad01c233d85c4b5af749a49ba2666643013dcae3c532bbfa74c79ae33c519042e80b4415bc2fa1874f3d6111746ae58bdf5b2cd0a530f8f0811b5b7c5efe99ae688ad7ec8ec9ef34a4139436c479e4c2d1def0b3c9751622bda368af716c8ad952f92381331dcab9057b27b6ed0b3b968031175dc5b8774ba2f1b86173977abf67e9d4c2b6b573b0ae8615db1464558fd9d688169b6b185c5b29be63105a263bd570abe7b18873b713b21bcf80f359e5f6d5c6eaeded362b1b21364c1c4e64ed2574222f03a5bbec444441111011110111101111017e71f68b000b5c62dc3de1f120f8222efc3f2c65f0ad425b4222f5e3d2562f5e87ec2a04ed71df2f8604a794dcf6f934a22e5cded58be7b57857ac0e3b1ed9f0208f92fcf16a8575e41a1a778047710bea2e7c7ecff4bdbe3174b1117a3146457a6fb0fb3fd3477ec872fe670ffd57d458e6f6d59dbd7d111785b11110111107ffd9, 1, '19');

-- --------------------------------------------------------

--
-- Table structure for table `tbllocation`
--

CREATE TABLE `tbllocation` (
  `locationID` int(11) NOT NULL,
  `locationname` varchar(100) NOT NULL,
  `Description` varchar(500) NOT NULL
) ENGINE=InnoDB DEFAULT CHARSET=latin1;

--
-- Dumping data for table `tbllocation`
--

INSERT INTO `tbllocation` (`locationID`, `locationname`, `Description`) VALUES
(1, 'Sta Maria', ''),
(2, 'Canelar', ''),
(3, 'Marcian', 'Hotel'),
(4, 'Garden Orchid', 'Hotel');

-- --------------------------------------------------------

--
-- Table structure for table `tblphotographer`
--

CREATE TABLE `tblphotographer` (
  `photoID` int(11) NOT NULL,
  `lastname` varchar(20) NOT NULL,
  `firstname` varchar(20) NOT NULL,
  `middlename` varchar(20) NOT NULL,
  `fee` varchar(20) NOT NULL,
  `orgName` varchar(30) NOT NULL,
  `contact` varchar(15) NOT NULL
) ENGINE=InnoDB DEFAULT CHARSET=latin1;

--
-- Dumping data for table `tblphotographer`
--

INSERT INTO `tblphotographer` (`photoID`, `lastname`, `firstname`, `middlename`, `fee`, `orgName`, `contact`) VALUES
(1, 'Tyu', 'Qwe', 'R.', '20000', 'Weddingbells', '0912443454'),
(2, 'Ghj', 'Asd', 'R.', '20000', 'Nice Print', '0912214432');

-- --------------------------------------------------------

--
-- Table structure for table `tblstylist`
--

CREATE TABLE `tblstylist` (
  `stylistID` int(11) NOT NULL,
  `lastname` varchar(20) NOT NULL,
  `firstname` varchar(20) NOT NULL,
  `middlename` varchar(20) NOT NULL,
  `fee` varchar(20) NOT NULL,
  `orgName` varchar(30) NOT NULL,
  `contact` varchar(15) NOT NULL
) ENGINE=InnoDB DEFAULT CHARSET=latin1;

--
-- Dumping data for table `tblstylist`
--

INSERT INTO `tblstylist` (`stylistID`, `lastname`, `firstname`, `middlename`, `fee`, `orgName`, `contact`) VALUES
(1, 'Bell', 'Di', 'N.', '5000', 'Weddinbells', '09214253543'),
(2, 'Mee', 'Mo', 'M.', '2000', 'Bench', '08325455323');

-- --------------------------------------------------------

--
-- Table structure for table `tbltailor`
--

CREATE TABLE `tbltailor` (
  `tailorID` int(11) NOT NULL,
  `locationID` int(11) NOT NULL,
  `claimdate` date NOT NULL
) ENGINE=InnoDB DEFAULT CHARSET=latin1;

-- --------------------------------------------------------

--
-- Table structure for table `tbltheme`
--

CREATE TABLE `tbltheme` (
  `themeID` int(11) NOT NULL,
  `themename` varchar(20) NOT NULL,
  `description` varchar(500) NOT NULL,
  `img` mediumblob NOT NULL
) ENGINE=InnoDB DEFAULT CHARSET=latin1;

--
-- Dumping data for table `tbltheme`
--

INSERT INTO `tbltheme` (`themeID`, `themename`, `description`, `img`) VALUES
(1, 'Simple White', 'Church', 0xffd8ffe000104a46494600010100000100010000ffdb0084000906071313121512121216161517181718181817181d1a1817181d1a1d1e181a1a18191d2820181a251d171a21312125292b2e2e2e18203538332d37282d2e2b010a0a0a0e0d0e1b10101a2d251f252d2d2d2d2d2d2d2d2d2d2d2d2d2d2d2d2d2d2d2d2d2d2d2d2d2d2d2d2d2d2d2d2d2d2d2d2d2d2d2d2d2d2d2d2d2d2d2d2d2dffc000110800c2010303012200021101031101ffc4001c0000010501010100000000000000000000050002030406010708ffc4004e10000201020402070405080705070500000102110003041221310541061322516171813291a1b1144252c1d1072353627292e1f0153382a2b2c2d2437393d3e2243454556383f1161744a3b3ffc400190100030101010000000000000000000000010203000405ffc4002b1100020201040103030403010000000000000102112103123141510422611332f0427181b13391d123ffda000c03010002110311003f009adbdd6371734abb0186216416ceab9186f9d1591a089915e85c6541b76db29072db904411a3e84723bd52e07c258628b3b2b866b975594765a18642394824e9ac479105ba40a6751a7620cefedee37075a752ff00ca3164f4eab08c7625075a3c87ccd12c374c70f822d6af0b858c30c89222235248d74aad8cb4738f2aee256df5588ebade75c96c4012c09655565046e0b4d45dd3a2a6878574930f8a16d6db307ccad91948313dfb6c7be8574c70e16ea40fa9ac78134130f8fc4616cdabb87b365ec3f5599c02d715f2a974700ca8cca74db51ceb6b87e8fd9716d9d0162a1989d49260ee75a4f73c7633a0163bf290969fab386b8759073289599903be395686df115c4e18dd08e80e7196e2c3688c0fa4ceb59ae9170b36ee8362da1eadb32a3c9583ca275d60c13cbdf5707d2ec75e6eadb0f6ca8243b432100820c4920b099cbf2a31724ea5d831582d32d4652ad32d30ad763265465d4791fba964a9586a3c8fdd488a4612045d079536e381e74d7bf0001bd562d48d8d43dde6bce3a476a2eb799af4226b15d30b50f3dfad2361464ef53ec8a65ea92c5031bae8c5b8b73e02b4986c615d0ea3f9da81f0458b62888345331a2b2e1848322a5b4ba0f2acf58be54c83f81a3780c5ab803631b7e1df5452b15a2ea2d49875d0790a482a4b0341e429851e16a48d1bf65ffc26928a871fd6754fd485370a90b9cc2eba1248076049acf80a24e97f4a860c94ea5dcb248610104c8d5bbf4dab3789e99fd32db29b06d800c3670c0991a6c072aaf6389f11c55cb962e8b6065cb715916141d46c6737307c26b51c1fa3964ab2dc50e42aa8633220092249893263c6b9dee7c0f8414e0b754e110a90d0841cbda3214e90bb9d36acbf14fca50b4e5570ad13a758d91bd56091eb55388ddb98355b9870b9facb96e596440661de3ec8a257784dfc4618dec6645b80758a5241cb9632b8da363cfba9a29ca9030b92b6238db62ec676b26d32c2904833ce4738d798142787a687ccd1554192f6bfed0ea4ccfad50e1eba1f334cd54a81d1b6c20fcddb81f513fc22954d86c2294424b7b2bf598721c81a54d6291e0dc0b67e8e554e62d918722c49100e9208d47753b8da69bf31f36f94d79e712e947517cda65ec8839a369f2d7d6b4981e28b885eb12e671a2efddafbfb5bfe1535257487daeaca5c454e71e544b84376aef7e4523be4153ebdf543899875f2ab5c298f5a40ca4b210158c67392428f1959f204f2a59add1947cffc0ae875ac387b17d194044bc2da01b65541a4fd6ed13bed5aec2b0cb6fc507dd59dc3e0dedd9bd9868f8867599cd959560ebce6641f1af3ee31d1f9bd9ad3b89683a96cb3ae692640f09a672c2a5d2fe8159767a0f482e8eb7d3ef23eea1d66daace51124b1f33bd06e15d458195f11dbd245cb8091b9d013201cc4c78d5f7e33861fed93d0cfcaad0e3223e4b86986873f1eb1fa49f2563fe5a85b8f26e16e11aeb9636f322b36834117304791fbaa8e23133a0da85bf11776058400a6403e5ac7f3bd4e8f3ee077dc1daa2f513e06a3aa741e55c2d4d074154f1b8f4b6258c0a5b096d9eb25d30c4a1ca330cdddcfd7bab97f88dcbf98ab9b76c18d076db4efe555ede0557d95d7bdb56fc07a5239f432467c619df615c0a50f68731fcf751bbe840859991b99da2a6b499bb52768f0f76d437336037c231a8c8023030351cc798de89abd63ae60167300508d73272f4e5e957709c51ad31b774e700e8e07803a81e7594ba3346a15a9f69a223c2a9e1f12ae254823c2ac5b3a0a7b1683fc3b8a0d15cff6bf1fc68c583a0f21f2ac40b866144fad4dc338adfb62da050e081124f777efe1b1aa2d45d81a3700d3c566aef481d0f6ece846991e7df980a7dbe952fe82e7bd3fd5554c5a0e3243160209804f7c6df33efa9fa1dc5d3116bae595525876e01ecb46b0639509b3c65dc4ae1310c073010fc9ab2dc7706b8b62d6edddb6ea08ca4fb500985452c01d2341bd09f065c9afc6b23aac107f3f7b63ff00aae41d3d0d6938bd9eb2c5cb6376b6408de634f498af3ae09c1d70ef9752d956493b13b80348f74d7a73c2a13130bea607be922c6e0c161c1eaeee699cdaf7cf39f5aa7c3bd93e66afe7016f0cb97b7ec9e5e1e9b551e1dec9f3359fdc6e8d9d8e2f6555558990ab31e54ab177afb024049f198a55a99b1e003c6ec838e7063d8b713b4c9a33d05b596dded003d73831e143fa5780c47d27aeb28c5722095cac64163aa9dc6b44ba041fa9b9d62b0737598e652b331a89f5daa715ee28fed09f15621976d8d3b84dd02e072a18af684f23b483c8c48f226b9c5d755f5fbaa89fea6e9e62dbff00868de49f46bb19c42dbdbcaa20969d06c7724c77cd66820eb2e77ff0a0bd13bcc2e2a0762a6ce721b5edca8241dfdf3451ef45d71dfa7c28295a4d85c69d1a1e8e700b2cbd7dc40ecdb0612140d363a132267ca9dd29e8fda6b4d751155d066ec880c06a4103df357387e2ba9c2072a582ce8207d63cc9000a7e23162ee12e5c5f65ad3c6b26406075d8ea3bea9bb340707b77747975d1dd15a9fc9cf00b3d526272fe733ddd674d1ca8111dd3594bcde153707e9162155b0899021374e6ed07199a490cac2089d23ba9e69d6158b1375d27e166f626c00d9652e031e6bf8d49c6f82e1ed616e5cead7325b9ce076bb23c35d636a6704e166de196f9bb72e5d08ce0bb96074903b530080262a3b3c3f158bb79df15d5d9ba80f56a8ada34e998804691eff0d79b37c6473cc313c45d8420ca3bcea7d00d3dfeea1189b24924924f79dff80f2af644e86616e5ab6becb8419991b52d03520ce933ddbd798e22d6e2990183387dbec9fdb1fe1356efd8257b260cf74d3b0d6a27f6c7caae1b751ed8fd23358bb174110dee11f1a970b87b91a5c8fec8a2770aab02c091076de9d62d8d6040e5e546cc457adf64f91aad7adcdc69ef5ff0ad16b968656d391aae6d4b9fecff0084505f72374544c39532a483de3ef1b1f5a2dc2f1add6225c495664123c48dc1e5af29f2ad8f44705866c2ddeb56d9bc4b84cd973fb0b1901d773caacf02e0b66de1ae7d22da2de19f26780d011729504f7cfad51e5d0a683a49c2ad9c3dc2a8aa511d94aa8105448db7da85fe4eec9162e66327ac50279001604f74cfbeb31d1ae2d88b97c59b97ae3adc251b3b130a4127283a0d0449077d228d74b783651696d33a967204311a8cc47b244eca35eea09dbb48c33a6f8655bcb9440224f993ad07e19633dd453b1751a77131f7d13e2e9708b5d6b0660a44819469100093b4c4d41c1522fa7edafcc575c7826f93d216de519540000000036acdf1c4518ac3b88cc7da239c7b263d4ebf85692f3ac367232c1cd3b65e73e11594e3972de6b0f6a324182a3b2751b77f3f7d4b8181d8abb389b879e956b8974ba08b598296d34dc924c09e474a16b766f39931e3e7593bff00d7b7862d3e3046beb48dbe86ab34b76ef65e4eec69dc28ca7a9aad8f3063cead709f63d4d18f267c133dbd69575d5e742b1e20fe34aa8295cf0ec7dafeaf156ef2f25be907f7d3527cea45e3d7edff00de303700fb5648babe7020814070bd23c58d03a5f1300ba6527cca91afa1a276ba5eebfd7612e0ef28c187f782fce8506c6713e94d87cbd5b8244c8605483a468c2af616e0b96ae0b643128c2148264af9d54c6f1dc06250abe5ce47645cb7acf286823dc6a3c27472c3e528bd5303995ed801811e60823c08a46b2123e8b61dd2fb67b6ebf995512a40907513b721cf5abd8d6fceb79d5936b1a9b5cb57c0fb6a6d3fef2cafc0503e238eb8b726e61ae02760a55869130c08a56a905bb766e9b02d7f04100248cc42820072098569234983578e10dac13291da160827c426db98af33c4f4a2f161615eedbb635ca06579df5235227c629b7fa6d8aea9adb38656ec995009f0cc1778df4f5d6a8a4866e5b36f57632e349ab786c0e1fac2dd65d0402430cb00927308ca6b985b36dc4c11dfbf8ff0ab583e0af90bbdc39b52044889e6419d60574c351239dc585b13c671566d8b56fa96c38b794332bf5804058243652c734cf81d34d42f463199312a0dc2a8728633032f393c86956afdc270d07b97e62b3f63db3e43efae39664517069ba466d2df67c25c0aacab99acbc0244e8590ebe559abeb43b198dc8c533400042c4cccf3911f1aee0ef96319f30ca39447a77efcfbaa7192ddb686717565ac32f28facbf2356dadd41874ff0012fc8ff3e9447aa1dd4bdbfdcc05e296a13340e5f12054d66c40a298be17d711644ab119877429d641efdbf9d1a30fd998d012bea343a8d3eff812aa6ac6a74507b7a1a808ed7a2fc855eb89a1d3bfe5549bdaf45f9537ea40e821c36f8b776d5d3272303037891980d409204518e91f18b78ab82ea2301902fe702e6064ea2098d0efe7585bd8a20919cce6d1728235f3ab3c2b125b3f68b411bc77566f341db8b2fe0316d6aef58919958119848988d40226b5abc4efde367e91d5e6174c0b60880436a649f4dab0e1e0b798f951fe19c4b3dfb29948ed03248dc03c879d523c892347d23ba1556353263ca049f950de14ff009d427ed2f3f1a2bc5812baf2fe7e5359ee2d7d92d314d0c73aea4f04eb27a7626d1173aceb022053981800b4f64963c809acf74d182ad8c91961e2368ecc4472ac02629cb0eb1b30d233b1036f1da351200155ad5ebc738b7d5850749931e01411ef3bf8d73fd5dd82cf4e9587f86dfccec7c284e338432df7c45cba896fac5b904933963483024c78ef52f0be1f798166bf901d22da8063f69f347a548c981b4d9ae32bb8e6ec6ebfbb523d0514b02d82f8b7167bb1d559b904c86600061e0267b8d11e1b85c6e40a0dbb235d48cefbf74e514cc7e2468ea241d546da72d234aaadd21c55c608aab6a4803b39f731ab131fdd35919857fa0ae1d5b1b889e70c147a281a52a83fa1b147538cb93e111f003e55daa6c62d97b86f07b89ecd9b675919af1d27cadd113c2314c7284c38f3baff00f2aad70fbba8a305e181f2aa0bd9e6dfd162c3b5b2173292095d44f812018a9b1570b5beac09fafa923d9898235157f8fae6c4de3fadf70a660d7e13f2fe350ec705e12e6260b5bbce8ba90198be9dc3ac9d3d2882622eb89bac8d964764410798306276e42bb8dbeaa258c280493dc235aa966fe92c4cb891acac4988e5dfb7ff003a7e0c819c6431bc5d44819468da824721beb1bf8509b8f20418d768f21a7bf977d16c65e36eebdbc998142faf2024b1d3b87ce8459b72a330d889800f6a4033b1fb5536e995a759361c3810ba51ec2e2c6408c7b4cb71b6e4ac01d7be6e2fbe81619618803c2ac868b96bf62f8fefd93f75747447b3988be0d80010745db5d644d677ad863e43efa7e295609ea958850447b64cf22351544de13e839cf33cf9d47b0b2a62594df69d7b11aeb24e82073e75de03741cdf8f2e5f7d556656bcd9877090d9620efb7f335270a70acca040234d64c4e9af3a44bdd63397b68d2d8bb2761ba7df452c2c10627c3be80616e901e04eb6f4f5346b092c74e427f8f98915296370574730d66e5ebf16c8054319698459ca6329dc9d3dd51e115d1dad3282416057eac8dcaf3833a4ea759e517fa2b788c45c00162c8fddfa5d7722a9e3589c4dc3b1cc742469de09d44695171f6d94197069b72a1aeda8fd95f955dc612b220482686dddc7ec2fcaba5664893e183d6d86c401037133b039641f847a8a6e00e57b82225a477652748f0d0d4271045e63a01b1d7731d93b77f96f55f0774e773bcc193eba446829a9d82f0177b9a9f31f2abfd1dbf189b47b9ab3d88be010491bea3591a6fb41eef5a23d1fbc3e95690ee5b68fe7bea890a7a3e2f1a2ea860a076aeaebbf61ca123cf2cd00e3cb365c1ee3f2abd816fcc29ffd4c47ff00ddeaa71c1f9a6f23f2356e81d99dc31246806c206c09035d7d7e23bea7c0e204c411303d635dbce865ab815549661da510a483113de072d3caa7e1064b6a4ea9b92625149dcec49dab8e0bb3ab52ebe0317b8707f6818e62491fba4c0a6ff4514602d6886036b2ca3bc4d1056a96cb574239d812e820b0249866127731a4fc2acf07b0af740691a1320c191b41a67101da3fb4df3a9380ff005de8697b31a21821fa5bdff11a95773d2ab0a73097a180e4437c36a21c02f5e7b717f2f580b6db47d5acb60f1c4ba4f7b0fee9fc2a67e3a558904281bcc18ef9eed28b6b6829d9ce384fd22ef98ff08a7600e9af8fcaab632fe7b8ce752d94ff00745756e0084cc09f2ae7eca740fc57105672b1a41041f2e7efaa582b80999e6fa770d20f76a49f750edee68c06ad327ea8064cced0bbedad5ce1ee0cdc53d8855de40330048d0e9acf79a65a9ed69f362462dbb27e27890975e734bd9c8180f67563a1f1813e54de8bddb04f577c306ca5b3152a186591b812cb3209814431bd204b43a97cac1a1b243ab36bab75cba2005411cf7a661f8de15afda2d68ac25c5b926e5d058a958124b0ed4981dc3be6971b9595a6e36819c3b8d6566ed31596c8586e07b331b72abb87e3ea5ed96200517336867b5111eaa2813f0cc401d9b372149258a308424856db498d3c8d406dba960557581ac4eda419d35fba914e7c0914af215e0f77235d6898bae63bfb75538be3516e0eaed8542341b469ae8073cdf1aa383c6b2dcb8ad01097209e73b47f3cea3c5e7ecbdbcd0b2332c88d06c7be14d16dda43a8a68b4bc4011fd5acf9ebfe1f1f81a92ce2cebd900f86a4fc3be8ad9e0f6090d890ce56d335c3d6906db276466208cc4e4902675d76a178ac1b222e22c3310d232bfb48a74cc1880b7109244888d01a0e4f84c0b6bc128e28a17b332c14f687736bb448d688e0f18d9941cba804103f5648d763ca9962e95708d8746b61561d9259977044e8cc4e9944092bdc28c6330707fed36d98e55606dcca8d64390a0c8d23b86934aa3c993e81b6f8af564ba3b666046903779220a6c75f852b7c415ae08762ee49839498fb47b3009ee0628163b88db2e7ab2e2dc42ec48040e6d2779f4ab9c338a61cae5c42bb9d154e80a8d660a9046fbef476fc21fe9cebb1f8ae22c048643a953223506246ba8d797df55b13c418e5654600a812c080d9743076347d2d2a967b7699513ab90492cccc4f7ccecba1d24831342f895ab77145b1916ec0653945b0492b9837daddcc40ca134d490756446d5d328d9baf76e2a26596db43bf2fbbdf5571b89bb6db23dbcac370caca4774835a9e1d8bb5835b5d4b87bb79555d4266800b066224912d1a661200d00aabd3db56ef325d4bb6eeb22856ca752ac58acc681810c237d660014d7f205b5ba33d84c7e74bc8c0490a163d64fca8ae1ef2a62ed5c23419898de216812611d4660a006e635fb5bc1397d96de345276d6af3e251ee21062011af90a2d8db5236984e3889696d433367b8790f6ee3328df9068f4aa7c5b8fab5a619184c8e5bc7f1a1d7304cd915489260290434998249e51ee8350f18e1379076d34db30d50e9c9869cf6dea5f5756e8751d279b2abe34132640850406898503df209f53b517e0f6d75652c4315d58731a182771e22a961c17b566c8211c7585dd895500905751ed1e51e35670b796cf61eeab7579497d7b73aed1a46da4d3c60d02724f834d3009ee04fb8551c2710079c798fe350dee90592020b8199fb0a011b90624b1000e5ea2868c23e1ae8b98a136d84aa29394b061a5c9008ec927d06b13574bc120962dc169f3a978337e77fb2df75537ba1806510a75026743b6bcf4e750e22f9452c14b18d00e6693b31adcf4ab0d80e2573ab5eb2db97d648004eba693dd4a9ecd449d27c33d8c6b202c021241cc158236b0a63c635eea1bf47c4333650c01d64c19d3eb10ba9a1d771bd63339d4f33d59ff5d48f8c85ccaaa741a30206bcf4323ca693725c8e9780a61f8b3d984b83390371a19cc7bf94694cbbc75dc5cb797b2f963582b1beb1acd09b170962ec1418d02cf39ef2794fbc532fe1ae87955789076d3e5496ae83b7164d9627493aeb24fbb954375658962066633dc4933a4f9d4d7b86bb91f997d86a1019f7b0a7dee1f75601b57001f6adafdd7456cb5c06958eb789ca258cc76466553007219b61bc72adc70bc5d8c275379daebbbd8174008aa10b6a02b68640d09e522226b3bd17c3de371992cdc665463a20014f227fed1a89e5067ba8a5bc6e1ee8ba31d897469ece76cb0a04164ec10ef2202e9204d07292c13d46b846878474a70f8a0f64ab5ab8e32816b31241420b2855cad70199cdba813b55dfa260b1366fd846cc6ce81df7489d07309272188de46bad79be3b8fe26d5d5c6dac32db1d5f52585a22d302418711954905604ce835354b077f1978dec425bba4dc2fd6bdb0c0c36acb997d95ef1dc2978564ecb3c4b879c310b74052ea1c72999046b06419047f0aa566fa160598183af686bac9dcd6b38d713388c1a40542b764c3aa904a76f29ba4295630c403323c6b356737e908f137ac2afef3183e868da7945a2ed06b0d8c56c54d8eacf58e99816586332a14bc9425a069e9b01573a4bc3ae61d94dd398ae550eb21329321593f689da042e8044d13fc9e70637b1031172592ca820928cad75a4082a3755d490625962b43d20b2b76f35ab8251eca03de0e772187883114545d0295987e8128bb8a06e4bc231edf68cf676fdefe66ac716e20cf65ef75b04bdd4023432c4a033a880d1e9477a17c15ac35dce351d9571b10c4191e8a9f1ac263318e5995588524c89d1893ab11b6a69926917d386f9e00df441fabf1fc691c30f0fef7e35772544e958ef713d03a398b5c9398b33dcb273381b92040004482a7dd41ba5b6061b18f7d235637174fb68034c77b1b9423836308bd68bb9205cb6d249d32b031e4408af47e3566d5e740c43953b08881a807d761e3e345ab479b38b84e9985c6746ef757f4c2cb616db2c119832291d925d0673baaebaf79d09a1d79d85b3682364953a6720ba8233f689d4827bb7af61e09712edb74600a92eac0ec796be627df5e4fd22e0a986b976d32a08b8a6dbbe501adb024191689066419064a9a471a2718a030b2df61bdc68ff01e0c2e32fe782df521d4312151076b3334c8333a00482ba8d6819c35a5687ea044e8f7029f3d30c74eea3bd30c2816ec0242dc5b76932a661261b59caba8cb1a01ed7a01669b68d3e0b88594c3be2af14b972d3152ded97ed7b36e584021c4480753bcd67dfa46d752d59c39671022d140ca2f4ea141073896986900cc69159de8ff005787c98a625e2e3a35ac80b28c90b79737658ab31d0f755dc774a2ca5db37f098736f2b9b8d9d32ab0247640576075cda88dc08d286dbe1910ef18b37d2c2b42f5c32a3a5c48b8c20c3a288103d9e63b13a8db27c431c58af588011a377e807cc56db8274a6fbde46ea56dd916ce642c730442cfd62dc758241262481f09c46331caec4bddb64c998bcdbf3db0f1bd514ad5594851545c5f69801c81206e3ca6aee1f8a662248b800faeb980d36ed778047a572cb61222e5cb5dfae26e8d7c97086aa62059d45bbb6b2910467bafe3cec2f70a7b635225fe90b81c3061a02a044281dc001007e1535bc616675bafb913da882ba69c8508b76d14cf589a7707ff00453f138cf64adc6123582409048f947acd0bc9a8397303265312b9796aa7e39c4fba9503cebf5b53ccd76b6e5e0352f24fd55c510114cb4eae072f3a9145c223a8b7eb747faea9ae070dcf11ff00eb3f8d4e9c3b07cf1703fdcb1f91a5db11ad9c7c31d8e1edff00c53f73d4630a3f416bd6e9ff0099570f0de1f1a63a4ffb871f126abbe0b09cb104ff00ed9fc68bc0067d147e82c7fc53ff00369cb841ff0087b1e974ff00cda9ed60302d26e62d94f85927fcd526278770e03b18c763dc6c151efcc6818bbd1c67b3756f5bb585b6ca08cc6fac80441195af8cda7283f7d48fc34b5d5637ecfb4096376d1813ed19793df1bed40c60f0bfa73fb86a6c370ab170c25c668fd58f9d2b49f915c2cdbf15c562b1371b0d688bb658921d6173a0ed12d97b2406246820e5aa5c3b80dd40e96cb2661da8060ef199411e3f1e535bafc9bf46c6170dd6b49b9782c661052d91d848e44fb479ea072a1788e3c9fd2b791764cb6c8fb4028263f583161e8473a57a79b6c5da9bc18ae2bc2efd9045fb36885ccd688ed23081394ccf212343a09e54de07c0af635152d5b4045c00900844104963acf3f335eb230a194e50a41d72b00c8c3be0cff0ab780c6305c8b870807d880be7a694eb4ca2952c1678570db785b2962d7b282279b1e6c7c49d7dd58fe907120bc47213fec1207f6eecfac107d2b68af22bcb3a57d5be2ef5e663d8cb6d5411baafe24fc6a92c21629b66aecf1cb68acc5d42c1224c6bbe5f3ee1fc2bcc877f7d45944cee7bcd3c52b767ade9f43e9e7c9208a6dc515ccf51b3d0b3a1905c4ee35b7e1bc66dad8eb9e0304881bb38d0e9cbfeaac530a930989c8d3ac1d0d64ce4f51a5ba36b93d0ff00273c44ddc3bb48cdd6313eb047f88fba8ff497815ac759c8465b8865186eadcc11cd0f31ebcab09d15e2696717d583d8bc00218f6b3ea500efd338f365efadddd6faca1bf695a299651e5bb4cf3ae27d1be20312c12dc2c88316ca477e76f96fe1459b858b56f2deb9d63eeab032da5d67b4449991a1ee000de4c5ee2249ca84b378b668f5da7cbf85667a538c16ed186ed3739d598f77c7f9353a48a73c97af70afa6d9176d5a456829f9b02085661b0d24447c395659b0565ac057616dd2429830750492469a826675d057a1fe4f1a30691df70fb9c98f8fc6b21d33e8fd85c6dd9ebbab75fa40c85420cc4860334eb9b3188d8d2ecb7647664a3638ad936425ec582c8816ce42545b06249217b4c02a800c8ec8ee11538cf16175d7abc625bb68b9540eb331fd676cbda69f4e542aebf0f048cb8a9063dab7fe9a85af60b92e23d4a7e1544a874920d612f281af1beafc14627fc895062afa9db8bb5cf4bffe7143ecdfc07d7b7893fb2e8bf3535cbd88c0fd4b1881fb5750fcad8a390e0985f5ff00c7b0f4b94feb539f126fdcbb540e270dfa1b9fbe3f0ae1c76147ff008ce7ff0077fe9ac8d6103793ff00327fdcbbf8d2aa82e61fff000edff14fe14ab6e46a65c4e1b68ffb7b63ccff000ababd1cb046b8ec389fd7fe1597fa19f0ae9c1f88a4f694f77835b73a2f86024710c2b7807fe1541b8559063afb67c88a03f44f114be87e559edfcb32dc69ac701c330938cb487b9bf1a7627a3d86500ae36c3f829da82ae02d8482a4bf7e6d00ee023e354df030634a1edfcb37bbc077fa2ac46b88b7ef1f8d6abf273d194bd74dc266cda32ddcedbaa7c013e1e7583e19c0ae5fba966d005dd82a8fbce9b0124f80afa2fa3dc16de0f0f6f0f6bd9b6259b9dc7facc7ccfba239518c53e012935ca2dbdc82331d8176f0e7f87babe79b18e2d7db1127f3971d8f78cce581f49af6ce965e65c25fcaeaaf70754ace42a82da4c9f327d2bc300c859090d0cc25763e23c2b4de683a31b4cf62e01c403281313ecf83735f23fcef4551733980b3f595b7f4eff5af23e03d2416c1b574158d434684729ee31cf635a71d25b77caa82c6e01eddb61b72cdcbd77aa45f911c7b3d03137c5ab6cef002827c2790d7bf6af15e218a47725600927411998996631b9268bf4a38e5c64164dc669d4c99ca3f13dfdd3df5975342723b3d1e8feb6590c29c0d575a9edd2a67a48715a8dd2a6a6b0acccd1588a8e3bea66a61a023412e1b7ad95c8e0c880186ebf6483cb5d3cf2f7d68ff00fa8ad0213159f6f68288781a9600883e53e9b562ecddcad3123623bc1dc7f3ce28ddd3d75a2322e7020365d6187b40f291a1f19a64cf2fd4e9ec9df4cbb88e90e1ed666b6246da303bf2807498e7588e25c5eedfbc4b6dc8725152dd0425e3035b88220e8448f4deab5b4d18c6c44f911a7cab364d24cf57fc9ae2670a3f56fba9f228ad4ee9ee099b0c6e28ed593daefeab79f21f71a0df934c47e67109cd6e5ab9e8641ff057a3ba8cc0900abae5607633c8fc47ad2d093c499e04d85c33392d70acf86beea93fa3b073ff007911fb2699d32e03f46c5ddb53d90732739b6daa6bcc81a1f106821c32fdaf851fdd85fc23616b84709cb2d8f6cddc2d1f9d50c460f8783d8c4123c54fe141b0787507310187711a7a89a58dc2266ccbd90dae512403cc0933146d036b41bc16038793f9cc5e41e16dd8fc168b2f0ae03cf895ef4b0df7dbac21b0bf6be14efa32fdaf851b40a7f946ebe83c0bff0031c47fc13ff2a95613e8ebf6bf9f7d2a371f1fd9aa46a70fc330c77c581eab442d747300dbf1151fbbf8d6045a6aef52ddc6825146dd23798fe8d60547e6f88a3fee8ff350d7e1f614123121a397675f0deb2bd51f1a75a521879d0928b19499a5b56f3be8748fb8d7788619436af1a0d34fbcf854980b408b6de3afb88fbeb55d14e8d2e2b14b7ee09b1640cc0ecf701955f11ac9f2039d462ba292951a5fc9a745be8f6fe93707e76eaf6246b6edef3e05b7f28f1ad9dd6d23d7d395773cfafcaa12f264e837f202ba62a8e6936ddb3cdff2b7c6c5b7b1870036506eb83a8932aa3dd9be15e7b72f060d73265ed6ba4413aec3caa6e92714fa4e26f5f24c3b92bfb234b620f805d3ce9aed992e40d49b6756fb49a01b099d63f548a849db3b34d6d543f12b9ee27663f36079c4d6a7855a5c358eb1913305026219fec82635353f0ce17867eaef3160547b33a18d351ddce85f4878925db9953fab4d07eb1e6df70fe35458134e1f564a20cbd74bb176dd8c9a6e948b0ae66140f623149521c2a45a8830aee6ac3129351bb570b5318d6b031970d474f6a69a410691447847126b6c2371303bd4fb49fe61e23c6a84d733731b8d4781a64e896ae9a9c699a5e3ec6fda055a5490da0de35159682a97cc764b26be53cb7e75abe0d8e4cb054439d87d57fac001c8fb40789143fa4781b36ed39b769959cc926634fda3a6fca99a3c9cc5d177f2777cf5f76c948cf633661b1218103d4337b8d7a9276adf888f8ff1af1ae88e2b263ed6dab25a3bea1adb8dbcc03ad7b1e09b97788f7508e51b57ee31bf950e122ed9b78b1941b7f9bb848fa8c7b2763b3923fb75e662da7dab7eeffa6bdeee6196eadcb1704a5d5653ea20c78f3af02e23c2eed9bcf61d097462ba0d0c6c47811a8f0359ab56683e8b06cae53a8db4236dff001a7f0c5b4e725c6c8233662c0099db51dc7e152e270a56d85e7001f3904fdf40b88a9d86fa7ca955d947c1bac0f09e1c7fadc54795db7f7ad141c178246b8c24ff00be4fb96b0fd1de885cc5a16b7885056032329ccb3b7d6d4183af81a31ffdafc57e997f70fe3564d7821b8257301c281317e47fbe1f852a147f25d89fd28fdc6fc695537af00bf9204c359fb2befa917875bdfb3eff00e359c18e1f63fbdfc29c31ebced8f7ff000ae7fe0aa5f26897016b9c7a1ae62787dacac40d60c6be1e759f38e5fd1ff7bf8572de27310a10924800032493a00046a66857c07f9349d1ec1bdfeaacdaf6de75e4aa0f698f8015ec9c3704962d2d8b7ec20d4f366e73e24eb41ba11d19fa1d819f5c45c1db3f606e1079733ccfa56891390d87c4f33fcf8d18c6849cad9266d35dcd667a7dc5ba8c0dd20c35dfcca77f6a7311e4818d1fbd73bbc85797fe5731659acda1396d983a182eca49d762408f8d525842439305873f9c50402343a981ef0411efa29c2dc2b5de69717b07419a1847ecc18eed878550c3e11c998d0823c60f70a2bf47bea89d6a916ed8204a1580c46931aeaa226a128b675a964d1f48f8d2a595b56b43717707d94e7b733b7beb1c0d3ae396249ffe07215c145b3b7434be9c7e4e86a706ae035dcd40e81c1a9c1e98b4e9ac11f35c9ae4d2ac66726b935d269a5a88a234c34e2d4c268009b04e0341301a04fd96faade87e04d1ec46243d86eb203a9caca4c76a75f849f7d665a8896eb2ce7fae90b73c47d47ff293f8d32caa383d569d353ff60d1882b8937bf5e52749642083a46d1ef3cebdcec5e04071b1208f2226bc3713c3b12caa0a1ca0e610567525a6667eb1af56e8862f3e0ed4eea810f9db397e2003eb460a8e4d477c1a0c53412472d6b11d37b3378621409650ac7c44c4f9831e82b625e403e941789e183828db1d27bbb8fa1ad2111e7988c466066826257b6c3cbe54571968abb2b0860483e62845dbf96e3189dbe429325c61b7acc6bdf1f7d270dc81f8d3ff00a47f517de7f1a72f133fa34fef7faa9d58b82a646fd6f8d2ab7fd247f476ff00bdfeba546d8290284d760d4b8fb673028342358da4514c33ac09b4b303751ad1e44bac01e2bd4ff24bd1488c7df5f0b0a7dc6e7dcbea7ba86f423a3a31774b5cb282c21ed1cbed9e483ef3c879d7b00200100003450361dda770a2901b3ac7f78fc0572e181039fcab89a493e66a267dc9a64842ae3b18b691ef3fb16d4b1f4e5e676f5af08e2d8fb988bdd6bb4f6869c89264903c27e22bd37f29d7dce1c61adab31721db2f20a4151ea47c2b2bc37a2b6dd14dd560d3300c44c687dd418eb04dd1ec0990e7d3c4f7fe143fa4dc4cdd7eac1ec5b276facdb13e9b0f5efa3fd21c70c3da16d3db7103f517627cf90fe158d4402a6cedf4ba7b9ef64396bb152915c1487a23457453a2ba16898e45380aec5762b1840528aed72b18695a691525318d600c34d9aed34d001d8a7e1af1b6d9a246cc3ed29dc7f3e15106aee7a285925254cd0f0bbd94f5075119ad37da43afbc77781eead37455b2974d816cc07ed086f885f7d62787ddccbd5cc5c439ec9f1dd93d6247883df5b7e11c42cdd45bab0ae7461dcdcc796c47a552bb3c8d483849c59a0c33482bcc7dd51635275ae5bb9172791ab97ad6e2b344cf3de9c70e2a5710a3430afe0df55bd469e82b078cd58c7f3a57bcfd052edb7b5704820a9f23b11dc472f2af18e23c1ded629f0ae40604c31d9869948f3047ca976d0ea58029b67b8fbaba2d9ee35d74ae28a21141ee3eea54d2b4ab1ad867042af651dd4a9522e4699ec1d1840307620012b3a69a9dcf9d16bbed0f2a54aac406ded879d31b952a54dd00cc71b3f9e6f4aab6cd2a549219188e923138ab9266328f4ca2a852a54acf5fd37f8d0ca6d769529762ae8a54a94c8ed3d6952a3d8455d34a95630dae352a5458a44f4d34a952806d2ae52ac024430411b8222b4fc2046231006d274e5ed1a54aab1e0e0f59ca3667eafec8f9518e4be42952a2710dc3fb67c8d79d7e56d40c561481a9b6f27998758d7c24fbcd2a559f015c98171a9f334c615da5586194a952ac63ffd9);

-- --------------------------------------------------------

--
-- Table structure for table `tbltransaction`
--

CREATE TABLE `tbltransaction` (
  `transID` int(11) NOT NULL,
  `custID` int(11) NOT NULL,
  `totalpayment` decimal(11,3) NOT NULL,
  `balance` decimal(11,3) NOT NULL,
  `date` date NOT NULL,
  `time_transacted` time NOT NULL,
  `event_date_start` date NOT NULL,
  `event_date_end` date NOT NULL,
  `Deposit` decimal(11,3) NOT NULL,
  `downpayment` decimal(11,3) NOT NULL
) ENGINE=InnoDB DEFAULT CHARSET=latin1;

--
-- Dumping data for table `tbltransaction`
--

INSERT INTO `tbltransaction` (`transID`, `custID`, `totalpayment`, `balance`, `date`, `time_transacted`, `event_date_start`, `event_date_end`, `Deposit`, `downpayment`) VALUES
(1, 1, '0.000', '0.000', '0000-00-00', '00:00:00', '0000-00-00', '0000-00-00', '0.000', '0.000'),
(2, 2, '0.000', '0.000', '0000-00-00', '00:00:00', '0000-00-00', '0000-00-00', '0.000', '0.000'),
(3, 1, '0.000', '0.000', '0000-00-00', '00:00:00', '0000-00-00', '0000-00-00', '0.000', '0.000'),
(4, 1, '0.000', '0.000', '0000-00-00', '00:00:00', '0000-00-00', '0000-00-00', '0.000', '0.000');

-- --------------------------------------------------------

--
-- Table structure for table `tbltrans_cake`
--

CREATE TABLE `tbltrans_cake` (
  `id` int(11) NOT NULL,
  `locationID` int(11) NOT NULL,
  `cakeID` int(11) NOT NULL
) ENGINE=InnoDB DEFAULT CHARSET=latin1;

-- --------------------------------------------------------

--
-- Table structure for table `tbltrans_catering`
--

CREATE TABLE `tbltrans_catering` (
  `id` int(11) NOT NULL,
  `locationID` int(11) NOT NULL,
  `fee_per_head` int(11) NOT NULL,
  `headcount` int(11) NOT NULL,
  `totalamount` int(20) NOT NULL
) ENGINE=InnoDB DEFAULT CHARSET=latin1;

-- --------------------------------------------------------

--
-- Table structure for table `tbltrans_location`
--

CREATE TABLE `tbltrans_location` (
  `locationID` int(11) NOT NULL,
  `transID` int(11) NOT NULL,
  `payment` decimal(11,3) NOT NULL,
  `trans_locationid` int(11) NOT NULL,
  `balance` decimal(11,3) NOT NULL,
  `date` date NOT NULL,
  `time_transacted` time NOT NULL,
  `event_time` time NOT NULL,
  `eventTimeEnd` time NOT NULL,
  `event_date_start` date NOT NULL,
  `event_date_end` date NOT NULL,
  `deposit` decimal(11,3) NOT NULL,
  `downpayment` decimal(11,3) NOT NULL,
  `depositReturned` varchar(10) NOT NULL,
  `itemClaimed` varchar(10) NOT NULL,
  `itemClaimedDate` date NOT NULL,
  `depositReturnedDate` date NOT NULL,
  `depositReturnedValue` decimal(10,3) NOT NULL
) ENGINE=InnoDB DEFAULT CHARSET=latin1;

--
-- Dumping data for table `tbltrans_location`
--

INSERT INTO `tbltrans_location` (`locationID`, `transID`, `payment`, `trans_locationid`, `balance`, `date`, `time_transacted`, `event_time`, `eventTimeEnd`, `event_date_start`, `event_date_end`, `deposit`, `downpayment`, `depositReturned`, `itemClaimed`, `itemClaimedDate`, `depositReturnedDate`, `depositReturnedValue`) VALUES
(2, 1, '5000.000', 1, '5000.000', '2017-11-09', '24:16:00', '07:00:00', '08:00:00', '2017-11-14', '2017-11-14', '100.000', '0.000', 'false', '', '0000-00-00', '0000-00-00', '100.000'),
(1, 2, '5000.000', 2, '5000.000', '2017-11-09', '24:17:00', '07:00:00', '08:00:00', '2017-11-14', '2017-11-14', '100.000', '0.000', 'true', '', '0000-00-00', '2017-11-09', '100.000'),
(3, 3, '10000.000', 3, '10000.000', '2017-11-09', '24:58:00', '07:00:00', '11:00:00', '2017-11-14', '2017-11-14', '0.000', '0.000', '', '', '0000-00-00', '0000-00-00', '0.000'),
(4, 4, '10000.000', 4, '10000.000', '2017-11-09', '13:00:00', '13:00:00', '16:00:00', '2017-11-14', '2017-11-14', '0.000', '0.000', '', '', '0000-00-00', '0000-00-00', '0.000');

-- --------------------------------------------------------

--
-- Table structure for table `tbltrans_photography`
--

CREATE TABLE `tbltrans_photography` (
  `id` int(11) NOT NULL,
  `locationID` int(11) NOT NULL,
  `photoID` int(11) NOT NULL,
  `date_start` date NOT NULL,
  `date_end` date NOT NULL,
  `startTime` time NOT NULL,
  `endTime` time NOT NULL
) ENGINE=InnoDB DEFAULT CHARSET=latin1;

-- --------------------------------------------------------

--
-- Table structure for table `tbltrans_rent`
--

CREATE TABLE `tbltrans_rent` (
  `rentID` int(11) NOT NULL,
  `locationID` int(11) NOT NULL,
  `itemcode` int(11) NOT NULL,
  `qty` varchar(20) NOT NULL,
  `rentdate` date NOT NULL,
  `returndate` date NOT NULL
) ENGINE=InnoDB DEFAULT CHARSET=latin1;

--
-- Dumping data for table `tbltrans_rent`
--

INSERT INTO `tbltrans_rent` (`rentID`, `locationID`, `itemcode`, `qty`, `rentdate`, `returndate`) VALUES
(1, 1, 2, '5', '2017-11-13', '2017-11-15'),
(2, 1, 1, '0', '2017-11-13', '2017-11-15'),
(3, 2, 4, '0', '2017-11-13', '2017-11-15'),
(4, 2, 3, '0', '2017-11-13', '2017-11-15');

-- --------------------------------------------------------

--
-- Table structure for table `tbltrans_stylist`
--

CREATE TABLE `tbltrans_stylist` (
  `id` int(11) NOT NULL,
  `locationID` int(11) NOT NULL,
  `stylistID` int(11) NOT NULL,
  `startDate` date NOT NULL,
  `endDate` date NOT NULL,
  `startTime` time NOT NULL,
  `endTime` time NOT NULL
) ENGINE=InnoDB DEFAULT CHARSET=latin1;

-- --------------------------------------------------------

--
-- Table structure for table `tbltrans_tailor_boy`
--

CREATE TABLE `tbltrans_tailor_boy` (
  `id` int(11) NOT NULL,
  `tailorID` int(11) NOT NULL,
  `name` varchar(200) NOT NULL,
  `neck` int(11) NOT NULL,
  `chest` int(11) NOT NULL,
  `waist` int(11) NOT NULL,
  `seat` int(11) NOT NULL,
  `hip` int(11) NOT NULL,
  `shoulder` int(11) NOT NULL,
  `wrist` int(11) NOT NULL,
  `sleeves` int(11) NOT NULL,
  `backlength` int(11) NOT NULL,
  `inseam` int(11) NOT NULL,
  `outseam` int(11) NOT NULL,
  `hem` int(11) NOT NULL,
  `type` varchar(200) NOT NULL,
  `fabric` varchar(100) NOT NULL,
  `img` mediumblob NOT NULL,
  `price` int(11) NOT NULL,
  `status` varchar(10) NOT NULL,
  `locationID` int(11) NOT NULL
) ENGINE=InnoDB DEFAULT CHARSET=latin1;

-- --------------------------------------------------------

--
-- Table structure for table `tbltrans_tailor_girl`
--

CREATE TABLE `tbltrans_tailor_girl` (
  `id` int(11) NOT NULL,
  `tailorID` int(11) NOT NULL,
  `name` varchar(50) NOT NULL,
  `chest` int(11) NOT NULL,
  `bust` int(11) NOT NULL,
  `hip` int(11) NOT NULL,
  `waist` int(11) NOT NULL,
  `wrist` int(11) NOT NULL,
  `shoulder` int(11) NOT NULL,
  `frontskirt` int(11) NOT NULL,
  `backskirt` int(11) NOT NULL,
  `type` int(11) NOT NULL,
  `fabric` varchar(200) NOT NULL,
  `img` mediumblob NOT NULL,
  `price` int(20) NOT NULL,
  `status` varchar(10) NOT NULL,
  `locationID` int(11) NOT NULL
) ENGINE=InnoDB DEFAULT CHARSET=latin1;

-- --------------------------------------------------------

--
-- Table structure for table `tbltrans_theme`
--

CREATE TABLE `tbltrans_theme` (
  `id` int(11) NOT NULL,
  `locationID` int(11) NOT NULL,
  `themeID` int(11) NOT NULL
) ENGINE=InnoDB DEFAULT CHARSET=latin1;

--
-- Dumping data for table `tbltrans_theme`
--

INSERT INTO `tbltrans_theme` (`id`, `locationID`, `themeID`) VALUES
(1, 3, 1),
(2, 4, 1);

-- --------------------------------------------------------

--
-- Table structure for table `tbluser`
--

CREATE TABLE `tbluser` (
  `userID` int(11) NOT NULL,
  `lastname` varchar(20) NOT NULL,
  `firstname` varchar(20) NOT NULL,
  `middlename` varchar(20) NOT NULL,
  `username` varchar(20) NOT NULL,
  `password` varchar(20) NOT NULL,
  `contact` varchar(20) NOT NULL,
  `type` varchar(20) NOT NULL,
  `status` varchar(10) NOT NULL
) ENGINE=InnoDB DEFAULT CHARSET=latin1;

--
-- Dumping data for table `tbluser`
--

INSERT INTO `tbluser` (`userID`, `lastname`, `firstname`, `middlename`, `username`, `password`, `contact`, `type`, `status`) VALUES
(1, 'Lambarte', 'Ephraims', 'Ramos', 'ephraim', 'ephraim', '09557221727', 'Admin', 'Active'),
(2, 'Pao', 'Tifannie', 'Dacalos', 'tifannie', 'tifannie', '095572221727', 'Admin', 'Active'),
(3, 'Tagadaya', 'Antoine', 'Jayson', 'antoine', 'antoine', '09557221727', 'Regular User', 'Active'),
(5, 'Magsino', 'Eric', 'Frazzad', 'eric', 'eric', '23132132', 'Regular User', 'Active'),
(7, 'Relampagos', 'Ralph', 'Matthew', 'ralph', 'ralph', '2132123', 'Regular User', 'Active'),
(8, 'Agudelo', 'Cj', 'bakla', 'cj', 'cj', '23123123', 'Regular User', 'Active');

-- --------------------------------------------------------

--
-- Table structure for table `tempoitemhistory`
--

CREATE TABLE `tempoitemhistory` (
  `tempoitemhistID` int(11) NOT NULL,
  `itemcode` int(11) NOT NULL,
  `tayloritemid` int(11) NOT NULL,
  `tayloritemgender` varchar(20) NOT NULL,
  `dateReturned` date NOT NULL
) ENGINE=InnoDB DEFAULT CHARSET=latin1;

-- --------------------------------------------------------

--
-- Table structure for table `temporaryitemtable`
--

CREATE TABLE `temporaryitemtable` (
  `tempoID` int(11) NOT NULL,
  `gender` varchar(20) NOT NULL,
  `type` varchar(20) NOT NULL,
  `category` varchar(100) NOT NULL,
  `color` varchar(100) NOT NULL,
  `quantity` int(11) NOT NULL,
  `price` int(11) NOT NULL,
  `dateToBeReturned` date NOT NULL,
  `CustomerID` int(11) NOT NULL,
  `returned` varchar(20) NOT NULL
) ENGINE=InnoDB DEFAULT CHARSET=latin1;

--
-- Indexes for dumped tables
--

--
-- Indexes for table `customer_location`
--
ALTER TABLE `customer_location`
  ADD PRIMARY KEY (`customerLocationID`),
  ADD KEY `customerID` (`customerID`),
  ADD KEY `locationID` (`locationID`);

--
-- Indexes for table `package`
--
ALTER TABLE `package`
  ADD PRIMARY KEY (`packageID`);

--
-- Indexes for table `packagehistory`
--
ALTER TABLE `packagehistory`
  ADD PRIMARY KEY (`packageHistoryID`),
  ADD KEY `packageID` (`packageID`),
  ADD KEY `inventoryID` (`inventoryID`);

--
-- Indexes for table `tbladjustmentboy`
--
ALTER TABLE `tbladjustmentboy`
  ADD PRIMARY KEY (`id`),
  ADD KEY `rentID` (`rentID`);

--
-- Indexes for table `tbladjustmentgirl`
--
ALTER TABLE `tbladjustmentgirl`
  ADD PRIMARY KEY (`id`),
  ADD KEY `rentID` (`rentID`);

--
-- Indexes for table `tblcake`
--
ALTER TABLE `tblcake`
  ADD PRIMARY KEY (`cakeID`);

--
-- Indexes for table `tblcustomer`
--
ALTER TABLE `tblcustomer`
  ADD PRIMARY KEY (`custID`);

--
-- Indexes for table `tblinventory`
--
ALTER TABLE `tblinventory`
  ADD PRIMARY KEY (`itemcode`);

--
-- Indexes for table `tbllocation`
--
ALTER TABLE `tbllocation`
  ADD PRIMARY KEY (`locationID`),
  ADD UNIQUE KEY `locationname` (`locationname`);

--
-- Indexes for table `tblphotographer`
--
ALTER TABLE `tblphotographer`
  ADD PRIMARY KEY (`photoID`);

--
-- Indexes for table `tblstylist`
--
ALTER TABLE `tblstylist`
  ADD PRIMARY KEY (`stylistID`);

--
-- Indexes for table `tbltailor`
--
ALTER TABLE `tbltailor`
  ADD PRIMARY KEY (`tailorID`);

--
-- Indexes for table `tbltheme`
--
ALTER TABLE `tbltheme`
  ADD PRIMARY KEY (`themeID`);

--
-- Indexes for table `tbltransaction`
--
ALTER TABLE `tbltransaction`
  ADD PRIMARY KEY (`transID`),
  ADD KEY `custID` (`custID`);

--
-- Indexes for table `tbltrans_cake`
--
ALTER TABLE `tbltrans_cake`
  ADD PRIMARY KEY (`id`),
  ADD KEY `locationID` (`locationID`),
  ADD KEY `cakeID` (`cakeID`);

--
-- Indexes for table `tbltrans_catering`
--
ALTER TABLE `tbltrans_catering`
  ADD PRIMARY KEY (`id`),
  ADD KEY `locationID` (`locationID`);

--
-- Indexes for table `tbltrans_location`
--
ALTER TABLE `tbltrans_location`
  ADD PRIMARY KEY (`trans_locationid`),
  ADD KEY `transID` (`transID`),
  ADD KEY `locationID` (`locationID`);

--
-- Indexes for table `tbltrans_photography`
--
ALTER TABLE `tbltrans_photography`
  ADD PRIMARY KEY (`id`),
  ADD KEY `photoID` (`photoID`),
  ADD KEY `locationID` (`locationID`);

--
-- Indexes for table `tbltrans_rent`
--
ALTER TABLE `tbltrans_rent`
  ADD PRIMARY KEY (`rentID`),
  ADD KEY `locationID` (`locationID`),
  ADD KEY `itemcode` (`itemcode`);

--
-- Indexes for table `tbltrans_stylist`
--
ALTER TABLE `tbltrans_stylist`
  ADD PRIMARY KEY (`id`),
  ADD KEY `locationID` (`locationID`),
  ADD KEY `stylistID` (`stylistID`);

--
-- Indexes for table `tbltrans_tailor_boy`
--
ALTER TABLE `tbltrans_tailor_boy`
  ADD PRIMARY KEY (`id`),
  ADD KEY `tailorID` (`tailorID`),
  ADD KEY `locationID` (`locationID`);

--
-- Indexes for table `tbltrans_tailor_girl`
--
ALTER TABLE `tbltrans_tailor_girl`
  ADD PRIMARY KEY (`id`),
  ADD KEY `tailorID` (`tailorID`),
  ADD KEY `locationID` (`locationID`);

--
-- Indexes for table `tbltrans_theme`
--
ALTER TABLE `tbltrans_theme`
  ADD PRIMARY KEY (`id`),
  ADD KEY `locationID` (`locationID`),
  ADD KEY `themeID` (`themeID`);

--
-- Indexes for table `tbluser`
--
ALTER TABLE `tbluser`
  ADD PRIMARY KEY (`userID`),
  ADD UNIQUE KEY `username` (`username`);

--
-- Indexes for table `tempoitemhistory`
--
ALTER TABLE `tempoitemhistory`
  ADD PRIMARY KEY (`tempoitemhistID`);

--
-- Indexes for table `temporaryitemtable`
--
ALTER TABLE `temporaryitemtable`
  ADD PRIMARY KEY (`tempoID`);

--
-- AUTO_INCREMENT for dumped tables
--

--
-- AUTO_INCREMENT for table `customer_location`
--
ALTER TABLE `customer_location`
  MODIFY `customerLocationID` int(11) NOT NULL AUTO_INCREMENT, AUTO_INCREMENT=3;
--
-- AUTO_INCREMENT for table `package`
--
ALTER TABLE `package`
  MODIFY `packageID` int(11) NOT NULL AUTO_INCREMENT, AUTO_INCREMENT=3;
--
-- AUTO_INCREMENT for table `packagehistory`
--
ALTER TABLE `packagehistory`
  MODIFY `packageHistoryID` int(11) NOT NULL AUTO_INCREMENT, AUTO_INCREMENT=5;
--
-- AUTO_INCREMENT for table `tbladjustmentboy`
--
ALTER TABLE `tbladjustmentboy`
  MODIFY `id` int(11) NOT NULL AUTO_INCREMENT;
--
-- AUTO_INCREMENT for table `tbladjustmentgirl`
--
ALTER TABLE `tbladjustmentgirl`
  MODIFY `id` int(11) NOT NULL AUTO_INCREMENT;
--
-- AUTO_INCREMENT for table `tblcake`
--
ALTER TABLE `tblcake`
  MODIFY `cakeID` int(11) NOT NULL AUTO_INCREMENT, AUTO_INCREMENT=2;
--
-- AUTO_INCREMENT for table `tblcustomer`
--
ALTER TABLE `tblcustomer`
  MODIFY `custID` int(11) NOT NULL AUTO_INCREMENT, AUTO_INCREMENT=3;
--
-- AUTO_INCREMENT for table `tblinventory`
--
ALTER TABLE `tblinventory`
  MODIFY `itemcode` int(11) NOT NULL AUTO_INCREMENT, AUTO_INCREMENT=5;
--
-- AUTO_INCREMENT for table `tbllocation`
--
ALTER TABLE `tbllocation`
  MODIFY `locationID` int(11) NOT NULL AUTO_INCREMENT, AUTO_INCREMENT=5;
--
-- AUTO_INCREMENT for table `tblphotographer`
--
ALTER TABLE `tblphotographer`
  MODIFY `photoID` int(11) NOT NULL AUTO_INCREMENT, AUTO_INCREMENT=3;
--
-- AUTO_INCREMENT for table `tblstylist`
--
ALTER TABLE `tblstylist`
  MODIFY `stylistID` int(11) NOT NULL AUTO_INCREMENT, AUTO_INCREMENT=3;
--
-- AUTO_INCREMENT for table `tbltailor`
--
ALTER TABLE `tbltailor`
  MODIFY `tailorID` int(11) NOT NULL AUTO_INCREMENT;
--
-- AUTO_INCREMENT for table `tbltheme`
--
ALTER TABLE `tbltheme`
  MODIFY `themeID` int(11) NOT NULL AUTO_INCREMENT, AUTO_INCREMENT=2;
--
-- AUTO_INCREMENT for table `tbltransaction`
--
ALTER TABLE `tbltransaction`
  MODIFY `transID` int(11) NOT NULL AUTO_INCREMENT, AUTO_INCREMENT=5;
--
-- AUTO_INCREMENT for table `tbltrans_cake`
--
ALTER TABLE `tbltrans_cake`
  MODIFY `id` int(11) NOT NULL AUTO_INCREMENT;
--
-- AUTO_INCREMENT for table `tbltrans_catering`
--
ALTER TABLE `tbltrans_catering`
  MODIFY `id` int(11) NOT NULL AUTO_INCREMENT;
--
-- AUTO_INCREMENT for table `tbltrans_location`
--
ALTER TABLE `tbltrans_location`
  MODIFY `trans_locationid` int(11) NOT NULL AUTO_INCREMENT, AUTO_INCREMENT=5;
--
-- AUTO_INCREMENT for table `tbltrans_photography`
--
ALTER TABLE `tbltrans_photography`
  MODIFY `id` int(11) NOT NULL AUTO_INCREMENT;
--
-- AUTO_INCREMENT for table `tbltrans_rent`
--
ALTER TABLE `tbltrans_rent`
  MODIFY `rentID` int(11) NOT NULL AUTO_INCREMENT, AUTO_INCREMENT=5;
--
-- AUTO_INCREMENT for table `tbltrans_stylist`
--
ALTER TABLE `tbltrans_stylist`
  MODIFY `id` int(11) NOT NULL AUTO_INCREMENT;
--
-- AUTO_INCREMENT for table `tbltrans_tailor_boy`
--
ALTER TABLE `tbltrans_tailor_boy`
  MODIFY `id` int(11) NOT NULL AUTO_INCREMENT;
--
-- AUTO_INCREMENT for table `tbltrans_tailor_girl`
--
ALTER TABLE `tbltrans_tailor_girl`
  MODIFY `id` int(11) NOT NULL AUTO_INCREMENT;
--
-- AUTO_INCREMENT for table `tbltrans_theme`
--
ALTER TABLE `tbltrans_theme`
  MODIFY `id` int(11) NOT NULL AUTO_INCREMENT, AUTO_INCREMENT=3;
--
-- AUTO_INCREMENT for table `tbluser`
--
ALTER TABLE `tbluser`
  MODIFY `userID` int(11) NOT NULL AUTO_INCREMENT, AUTO_INCREMENT=9;
--
-- AUTO_INCREMENT for table `tempoitemhistory`
--
ALTER TABLE `tempoitemhistory`
  MODIFY `tempoitemhistID` int(11) NOT NULL AUTO_INCREMENT;
--
-- AUTO_INCREMENT for table `temporaryitemtable`
--
ALTER TABLE `temporaryitemtable`
  MODIFY `tempoID` int(11) NOT NULL AUTO_INCREMENT;
--
-- Constraints for dumped tables
--

--
-- Constraints for table `customer_location`
--
ALTER TABLE `customer_location`
  ADD CONSTRAINT `customer_location_ibfk_1` FOREIGN KEY (`customerID`) REFERENCES `tblcustomer` (`custID`),
  ADD CONSTRAINT `customer_location_ibfk_2` FOREIGN KEY (`locationID`) REFERENCES `tbllocation` (`locationID`);

--
-- Constraints for table `packagehistory`
--
ALTER TABLE `packagehistory`
  ADD CONSTRAINT `packagehistory_ibfk_1` FOREIGN KEY (`packageID`) REFERENCES `package` (`packageID`),
  ADD CONSTRAINT `packagehistory_ibfk_2` FOREIGN KEY (`inventoryID`) REFERENCES `tblinventory` (`itemcode`);

--
-- Constraints for table `tbladjustmentboy`
--
ALTER TABLE `tbladjustmentboy`
  ADD CONSTRAINT `tbladjustmentboy_ibfk_1` FOREIGN KEY (`rentID`) REFERENCES `tbltrans_tailor_boy` (`id`);

--
-- Constraints for table `tbladjustmentgirl`
--
ALTER TABLE `tbladjustmentgirl`
  ADD CONSTRAINT `tbladjustmentgirl_ibfk_1` FOREIGN KEY (`rentID`) REFERENCES `tbltrans_tailor_girl` (`id`);

--
-- Constraints for table `tbltransaction`
--
ALTER TABLE `tbltransaction`
  ADD CONSTRAINT `tbltransaction_ibfk_1` FOREIGN KEY (`custID`) REFERENCES `tblcustomer` (`custID`);

--
-- Constraints for table `tbltrans_cake`
--
ALTER TABLE `tbltrans_cake`
  ADD CONSTRAINT `tbltrans_cake_ibfk_1` FOREIGN KEY (`locationID`) REFERENCES `tbltrans_location` (`trans_locationid`),
  ADD CONSTRAINT `tbltrans_cake_ibfk_2` FOREIGN KEY (`cakeID`) REFERENCES `tblcake` (`cakeID`);

--
-- Constraints for table `tbltrans_catering`
--
ALTER TABLE `tbltrans_catering`
  ADD CONSTRAINT `tbltrans_catering_ibfk_1` FOREIGN KEY (`locationID`) REFERENCES `tbltrans_location` (`trans_locationid`);

--
-- Constraints for table `tbltrans_location`
--
ALTER TABLE `tbltrans_location`
  ADD CONSTRAINT `tbltrans_location_ibfk_2` FOREIGN KEY (`transID`) REFERENCES `tbltransaction` (`transID`),
  ADD CONSTRAINT `tbltrans_location_ibfk_3` FOREIGN KEY (`locationID`) REFERENCES `tbllocation` (`locationID`);

--
-- Constraints for table `tbltrans_photography`
--
ALTER TABLE `tbltrans_photography`
  ADD CONSTRAINT `tbltrans_photography_ibfk_1` FOREIGN KEY (`photoID`) REFERENCES `tblphotographer` (`photoID`),
  ADD CONSTRAINT `tbltrans_photography_ibfk_2` FOREIGN KEY (`locationID`) REFERENCES `tbltrans_location` (`trans_locationid`);

--
-- Constraints for table `tbltrans_rent`
--
ALTER TABLE `tbltrans_rent`
  ADD CONSTRAINT `tbltrans_rent_ibfk_1` FOREIGN KEY (`locationID`) REFERENCES `tbltrans_location` (`trans_locationid`),
  ADD CONSTRAINT `tbltrans_rent_ibfk_2` FOREIGN KEY (`itemcode`) REFERENCES `tblinventory` (`itemcode`);

--
-- Constraints for table `tbltrans_stylist`
--
ALTER TABLE `tbltrans_stylist`
  ADD CONSTRAINT `tbltrans_stylist_ibfk_1` FOREIGN KEY (`locationID`) REFERENCES `tbltrans_location` (`trans_locationid`),
  ADD CONSTRAINT `tbltrans_stylist_ibfk_2` FOREIGN KEY (`stylistID`) REFERENCES `tblstylist` (`stylistID`);

--
-- Constraints for table `tbltrans_tailor_boy`
--
ALTER TABLE `tbltrans_tailor_boy`
  ADD CONSTRAINT `tbltrans_tailor_boy_ibfk_1` FOREIGN KEY (`tailorID`) REFERENCES `tbltailor` (`tailorID`),
  ADD CONSTRAINT `tbltrans_tailor_boy_ibfk_2` FOREIGN KEY (`locationID`) REFERENCES `tbltrans_location` (`trans_locationid`);

--
-- Constraints for table `tbltrans_tailor_girl`
--
ALTER TABLE `tbltrans_tailor_girl`
  ADD CONSTRAINT `tbltrans_tailor_girl_ibfk_1` FOREIGN KEY (`tailorID`) REFERENCES `tbltailor` (`tailorID`),
  ADD CONSTRAINT `tbltrans_tailor_girl_ibfk_2` FOREIGN KEY (`locationID`) REFERENCES `tbltrans_location` (`trans_locationid`);

--
-- Constraints for table `tbltrans_theme`
--
ALTER TABLE `tbltrans_theme`
  ADD CONSTRAINT `tbltrans_theme_ibfk_1` FOREIGN KEY (`locationID`) REFERENCES `tbltrans_location` (`trans_locationid`),
  ADD CONSTRAINT `tbltrans_theme_ibfk_2` FOREIGN KEY (`themeID`) REFERENCES `tbltheme` (`themeID`);

/*!40101 SET CHARACTER_SET_CLIENT=@OLD_CHARACTER_SET_CLIENT */;
/*!40101 SET CHARACTER_SET_RESULTS=@OLD_CHARACTER_SET_RESULTS */;
/*!40101 SET COLLATION_CONNECTION=@OLD_COLLATION_CONNECTION */;
